kategori,kode_cpl,kkni_level,kkni_no,text_clean,cleaned_text,embedding,predicted_skill_category,hard_probability_,soft_probability_
cpl,CPL-TIF-01,6,4,memiliki kepribadian yang beriman dan bertaqwa kepada tuhan yme berbudi pekerti luhur mempunyai tanggung jawab kemasyarakatan dan kebangsaan menjunjung tinggi norma dan etika yang berlaku di masyarakat serta mempunyai jiwa kewirausahaan yang kuat b,memiliki kepribadian beriman bertaqwa tuhan yme berbudi pekerti luhur tanggung kemasyarakatan kebangsaan menjunjung norma etika berlaku masyarakat jiwa kewirausahaan kuat b,"[ 2.01602429e-01  3.24841768e-01 -3.13751727e-01 -1.17736921e-01
 -1.57702297e-01  5.07615991e-02  8.48836005e-02 -5.84705099e-02
 -6.43419847e-02  2.10268721e-01  9.33065116e-02 -1.90396577e-01
  1.17855542e-03 -1.85153574e-01  3.49378705e-01  2.27918759e-01
 -1.79119036e-01 -1.66793153e-01  9.01033272e-05  7.55488202e-02
 -1.97474882e-01  1.97632108e-02 -8.04867446e-02 -1.98576927e-01
 -2.23224610e-01 -9.26986411e-02  1.21362686e-01 -2.50011176e-01
  1.94428816e-01  1.36926286e-02  1.84633836e-01 -1.55650586e-01
  1.80279821e-01  2.51882911e-01 -2.27779880e-01  4.67747837e-01
  8.66341814e-02  5.45412973e-02  1.57752156e-01  1.16721272e-01
 -1.27103953e-02  7.00660422e-02  6.98071569e-02 -9.93041098e-02
 -6.35829121e-02 -1.74031910e-02  1.39659330e-01  1.81161284e-01
 -1.18602209e-01 -2.50046462e-01 -7.95706064e-02 -1.14654392e-01
 -2.31844410e-01 -1.18464911e-02  8.26828405e-02  1.91033497e-01
  1.00556545e-01  1.05156407e-01 -1.06529541e-01 -1.11719780e-01
  7.38322809e-02 -1.46047533e-01 -1.98386356e-01  3.51101309e-02
  2.16007203e-01 -2.90843286e-02  4.81403805e-03  3.69575843e-02
 -2.82393903e-01 -1.46598518e-01  4.58968014e-01 -1.46951601e-01
  1.06323734e-01  9.77823436e-02 -7.77468309e-02 -2.35766545e-01
 -1.65394600e-02 -2.16400355e-01 -1.99922383e-01  1.18964262e-01
  1.22698538e-01  2.92676538e-01  1.34533659e-01  2.05331519e-01
 -9.75889713e-02  7.15552866e-02 -1.02592960e-01 -9.73246470e-02
  1.80364475e-01  6.45338297e-02  1.28793597e-01  2.65764177e-01
  2.40546726e-02 -1.44662201e-01  3.17432344e-01  1.08837895e-02
  5.10656424e-02 -1.41310722e-01 -1.97128370e-01 -1.87923852e-02
 -2.38604635e-01  2.44239941e-01  3.45914327e-02 -2.19733119e-01
  1.94569170e-01  1.69534758e-01 -2.58473575e-01 -7.89153948e-02
  7.96643794e-02  5.00264466e-02 -1.10338973e-02 -1.98106632e-01
 -2.07493737e-01 -1.86978132e-01  1.46502748e-01  2.32566800e-02
 -2.73277611e-01  3.74930240e-02 -7.42503926e-02 -2.26575851e-01
  2.88808018e-01 -3.18788998e-02  1.63562298e-01  8.36819410e-02
  3.48551214e-01  8.51233527e-02 -8.79197475e-03  2.50608236e-01
 -2.61731118e-01  1.29174426e-01  3.32500488e-02  4.52292711e-02
  4.26167324e-02  8.18216950e-02  1.29784599e-01  7.75670931e-02
 -2.13613119e-02 -1.11081101e-01  1.85231026e-03  5.55345491e-02
  9.15104598e-02  1.47644699e-01  1.30131301e-02  1.17577463e-01
 -9.09609022e-04 -2.07621157e-01  8.59082863e-02 -2.02744175e-02
  1.11006781e-01 -7.69165754e-02 -7.09702075e-02 -7.97164962e-02
 -7.38080740e-02 -2.92447925e-01  2.36547053e-01  2.08835557e-01
  1.57175928e-01  1.36871338e-01  1.20346636e-01  2.24210490e-02
  1.91242192e-02 -1.74430851e-03  3.41743603e-02  1.21397853e-01
 -3.32551114e-02 -1.07255772e-01  4.53824829e-03 -1.41604275e-01
 -1.71966270e-01  4.62826565e-02  2.84016281e-01 -7.98862875e-02
 -1.98677853e-01  1.28337681e-01  2.32481603e-02 -3.26514691e-01
 -1.79104790e-01  2.86184400e-01 -3.37425396e-02 -7.52006248e-02
  2.30328798e-01 -1.73064932e-01 -1.27512246e-01 -5.98275736e-02
 -2.85551697e-01  3.26352835e-01 -2.78716832e-01  1.01123624e-01
 -5.46659827e-02 -1.11169338e-01 -2.08231434e-01  2.56464630e-01
 -9.05195475e-02 -1.93689719e-01  1.37030497e-01 -2.24281311e-01
  1.93294272e-01  1.34605095e-02  2.16823339e-01  2.66826868e-01
 -4.12568957e-01 -4.36740108e-02  4.37348597e-02 -5.77657744e-02
  3.78827415e-02 -3.49185541e-02  1.27886906e-01  1.41691655e-01
 -7.65744746e-02  1.95138589e-01  2.36182120e-02  3.18367153e-01
  6.27261028e-02  6.50057793e-02  2.25111842e-01 -1.40428795e-02
  1.41394913e-01  8.81392285e-02  6.87550679e-02 -1.44949211e-02
  9.16945264e-02 -8.61108489e-03 -4.06105727e-01 -2.25988358e-01
 -9.69461650e-02 -1.29429683e-01 -5.02225608e-02  1.61684081e-01
  1.29115954e-01 -1.14667773e-01 -2.50425190e-01 -1.25778377e-01
 -9.00958478e-02 -1.67813644e-01 -3.07042953e-02 -1.26923949e-01
  4.67172205e-01  1.98355123e-01 -1.87213764e-01 -3.24427933e-01
 -3.90619859e-02 -1.51417866e-01 -2.39012316e-02 -6.61664680e-02
  1.32607430e-01  2.25212470e-01  4.28721793e-02  5.01482980e-04
 -1.18711926e-01  1.01654053e-01 -2.29564384e-01 -2.16491774e-01
  1.17308654e-01 -1.94872648e-01  1.26754150e-01  2.68232524e-01
 -4.48790669e-01 -1.61129296e-01 -2.55480334e-02  9.21160728e-02
 -1.61492079e-01 -2.40066554e-02 -7.73280039e-02  1.51719183e-01
  7.01935217e-02  6.33524358e-02 -2.72856792e-03  8.17120746e-02
  1.29037648e-01  1.11693278e-01  9.65931937e-02  1.51322395e-01
  2.72172928e-01 -8.19908604e-02 -8.04957971e-02  7.42080286e-02
  1.01489566e-01 -2.16044217e-01  8.75169486e-02  1.42894670e-01
 -7.00485986e-03 -6.18237518e-02  4.60588410e-02 -2.09195271e-01
  7.20701069e-02 -5.58149740e-02  2.54481643e-01  4.07298028e-01
 -1.11544490e-01  6.12613000e-02  7.31138559e-03  2.56704271e-01
 -3.57921273e-02  6.37922958e-02  3.41373235e-02 -2.97842503e-01
 -1.71139270e-01  6.55841269e-03 -1.13152549e-01 -3.33221704e-02
 -2.93738442e-03 -1.40739024e-01  1.41427442e-01  1.12109268e-02
  2.01529801e-01 -3.90558876e-02  1.57896578e-02 -1.05849206e-01
 -2.15701267e-01 -2.07054749e-01  1.82140842e-02 -2.86397249e-01
  8.62966776e-02  3.94757427e-02 -2.16126561e-01  4.58295569e-02
 -1.64523214e-01 -8.59005377e-02  1.43782184e-01 -1.49966881e-01
 -7.29109719e-02 -9.78529081e-02 -1.17660128e-01  1.05072141e-01
  4.51975055e-02  4.21382450e-02  1.50759354e-01 -4.07371879e-01
 -7.16854334e-02  3.84497233e-02 -2.53356576e-01  2.52425820e-01
 -1.78128093e-01  1.92962978e-02  1.36246741e-01 -2.11738214e-01
 -1.08611606e-01 -1.41949474e-03 -2.01220751e-01 -4.08364870e-02
  2.43051201e-01 -5.13559617e-02 -1.20285101e-01 -1.46273538e-01
 -8.49281475e-02  1.11420587e-01 -2.74157882e-01 -1.57306880e-01
 -1.80028453e-01  2.66585976e-01  6.70208186e-02  1.25127047e-01
 -2.01443672e-01 -2.85937369e-01  3.82882543e-02 -1.22022003e-01
 -1.87645957e-01  1.02227069e-01  5.08120917e-02 -8.10439438e-02
  3.14108580e-01  2.13063031e-01  3.19792151e-01  3.57457191e-01
 -1.80899665e-01 -2.33545378e-01  1.45523041e-01  2.25683749e-01
  1.70708075e-01 -2.83569936e-02  2.07203794e-02  4.94341925e-02
  2.44493574e-01 -1.72322243e-01 -1.97992817e-01  2.40999740e-03
  2.66754311e-02  7.91828558e-02 -3.08492184e-01 -5.39174303e-02
  2.34653130e-01 -2.89132129e-02  8.48582983e-02  1.75228059e-01]",Soft,0.3719815017420811,0.6280184982579188
cpl,CPL-TIF-02,6,1,mampu bersaing di pasar global dengan pengetahuan dan kemampuan yang memadai terkait penerapan teknik informatikateknologi informasi dalam organisasi c,bersaing pasar global pengetahuan kemampuan memadai terkait penerapan teknik informatikateknologi informasi organisasi c,"[ 0.02939011 -0.1102278  -0.07882076 -0.20883195 -0.27359882 -0.05229166
 -0.19741851  0.33391127 -0.17636147  0.08008898 -0.14632133  0.02133363
  0.09690497 -0.10678039  0.1624757  -0.04074674 -0.01552778 -0.24973841
 -0.14165492 -0.264149   -0.19378693 -0.17119476 -0.06986672 -0.12513115
 -0.18765534  0.00341488 -0.13936679 -0.09223413  0.14476618 -0.1241817
  0.08000698  0.00982219  0.42391396  0.24216276 -0.24837112  0.05805637
 -0.162387    0.06976615 -0.01151156  0.03809484 -0.06512743 -0.01692417
  0.15043001  0.18508364  0.01041223  0.16333888 -0.17092478  0.3114147
 -0.4732376   0.06627109 -0.28081587 -0.21896493 -0.05722969 -0.11007984
  0.08403583  0.12988746 -0.11088533  0.1189805  -0.0906042  -0.18074544
  0.30246723  0.07095616 -0.1715797   0.07892501  0.18303959  0.05040282
  0.21238431  0.43713516 -0.26008317 -0.19551127  0.04401892 -0.13891299
 -0.371775    0.19535017 -0.2211253   0.20420393  0.07508007 -0.08573121
  0.39373973  0.14997694  0.35154888  0.35946798  0.08170901  0.08217172
  0.11823082 -0.04874492  0.17724864 -0.20105135  0.15195887 -0.30113575
  0.12319688  0.05613308 -0.00177838 -0.01718349  0.09426272 -0.08136054
  0.09921412 -0.15588608 -0.10381112  0.3455079  -0.11861046  0.07091802
 -0.14283104 -0.44177395  0.11619886 -0.02868247  0.10180368  0.09057871
 -0.01212359 -0.01449252 -0.0997532   0.16797403 -0.36051854 -0.1721753
  0.07905872  0.08795649 -0.05063536  0.22173825  0.14760163  0.14540766
  0.10420886 -0.16212502  0.16773678 -0.05113503  0.15983862  0.14966832
 -0.03483006  0.05618386 -0.21921994 -0.22953904  0.40786695 -0.1012796
 -0.42371464  0.19638151 -0.00133363 -0.00848782  0.05911279 -0.14419112
 -0.23200652  0.29187763  0.05840865  0.06681346  0.431422    0.02367948
  0.12652805  0.26354975  0.20627327 -0.15238786  0.39315462 -0.3223978
  0.05615267 -0.10809978  0.10100375  0.04595548  0.02524363 -0.10810107
  0.19009861 -0.13086125 -0.01708952  0.08052009 -0.02667136  0.02444205
  0.06278567 -0.0207366  -0.29977447 -0.164717    0.00692834 -0.2591245
 -0.06572768  0.11664706  0.10608956 -0.12317813  0.12223978 -0.1398401
  0.15911138 -0.18414323 -0.05847099  0.13531286  0.32952586 -0.23890992
  0.24098691 -0.06665358  0.40540951  0.05206074  0.08419564 -0.08782524
  0.06640761  0.11220743 -0.18511412  0.06736724 -0.0842649   0.26353046
  0.1960845   0.03515938  0.22964117 -0.28292876  0.27707937  0.00855549
  0.13285196 -0.09250448 -0.13146132  0.10033417 -0.562457   -0.06362841
 -0.09354732  0.09108323  0.2643979   0.10925825 -0.15161441  0.1750404
  0.03783681  0.17293075 -0.34835863 -0.19682959  0.11881846 -0.04005871
 -0.10718045  0.20312732  0.03899447  0.05198452 -0.11904664  0.0440548
  0.00759551 -0.0880339  -0.37778753  0.05127737 -0.11423042  0.22505876
  0.12040833  0.16352381 -0.1702835  -0.31010002  0.03935837  0.14724343
  0.03655719 -0.1217012   0.12277719  0.03510904 -0.15861216 -0.01215425
  0.17049865 -0.08432207 -0.03697847  0.1532986   0.08286037 -0.2752779
 -0.35863853 -0.15377791 -0.02250798  0.12735814 -0.2823709  -0.4313808
  0.05850741 -0.06144561  0.07991314 -0.15386702 -0.15406859  0.24551475
 -0.01369014  0.12247418  0.19946463 -0.27831998 -0.17230578  0.219851
  0.06828402  0.12081019 -0.08177124  0.05278739 -0.12826191  0.00664726
 -0.2990005   0.12026321  0.11198378 -0.16638386  0.30697903 -0.04941512
  0.16333337 -0.31451595 -0.11856601  0.36677536 -0.08490358 -0.00749211
 -0.2606208   0.04591643  0.13233778 -0.14296305  0.32303882  0.21253751
 -0.14799286  0.13739093  0.49152857  0.10230947 -0.12566637 -0.12044466
  0.23330943 -0.18188435 -0.18154442 -0.19574325 -0.28262687  0.17907561
 -0.05935682  0.09415795 -0.06411331  0.10260272  0.00454787  0.09688978
  0.1159824   0.03771656  0.02803099  0.21746571  0.12372896 -0.24647109
  0.04364489  0.00821992 -0.32091087 -0.16524726 -0.05091604  0.03042387
 -0.02807846 -0.07678466 -0.21571681 -0.09827314  0.16337687  0.02250704
  0.0296253   0.06774512 -0.23518907  0.10330565  0.07297617  0.13368563
 -0.1418082  -0.08008035 -0.22634655 -0.15854743  0.23063017  0.00473947
 -0.08544434  0.20757304  0.08334538 -0.1285183   0.40212446  0.16782989
 -0.1089573   0.06129496 -0.06694421  0.10106836  0.10772772  0.35621858
 -0.0275307   0.25367475  0.05066748 -0.16922866 -0.00065078 -0.12664202
  0.0489767   0.02853694 -0.15553045 -0.04768351 -0.12893544 -0.11203119
  0.03324762  0.25731277  0.06636886  0.20556946  0.18028851 -0.05205893
 -0.06312062 -0.12589867  0.06869902 -0.1566943  -0.21284129 -0.12819594
  0.03829179  0.06653491  0.0773671   0.14294145  0.03387004 -0.09581105
 -0.03847906  0.1056547  -0.23661947 -0.2905929  -0.03253114  0.14262682]",Hard,0.888382298416281,0.11161770158371902
cpl,CPL-TIF-03,6,2,memiliki pengetahuan yang memadai terkait dengan cara membangun teknik informatika berdasarkan metodologi yang teruji dan diterapkan secara internasional d,memiliki pengetahuan memadai terkait membangun teknik informatika berdasarkan metodologi teruji diterapkan internasional,"[-6.86127320e-02 -6.09853491e-02 -1.38922691e-01 -3.16925406e-01
 -1.96053207e-01 -6.53710291e-02 -1.60408661e-01  2.63012141e-01
 -1.56297192e-01  1.24335408e-01 -2.26513878e-01  1.56119004e-01
  1.11603275e-01  1.34074494e-01 -1.97636470e-01 -8.38851854e-02
 -7.56386295e-02 -1.66008919e-01  9.12124068e-02 -2.91095287e-01
 -4.27947933e-04 -4.29011509e-02 -3.83644886e-02 -4.30545472e-02
 -2.14306846e-01  2.67604858e-01  1.36994511e-01 -1.58670679e-01
  3.08817774e-01 -1.48849458e-01  1.54520974e-01  2.21050996e-02
  2.01823249e-01  6.04371279e-02 -4.48448241e-01  1.63062856e-01
 -1.62916496e-01  2.01555826e-02 -1.01577993e-02 -1.24673113e-01
 -6.38864748e-03 -7.06876814e-02  3.68312299e-01  3.47106829e-02
  8.61921534e-02  4.60737124e-02 -4.15738039e-02  1.76464796e-01
 -2.48350516e-01 -7.53914788e-02 -3.29061329e-01 -3.10717940e-01
 -1.06428459e-03 -8.05983245e-02  2.01333985e-01  1.01166129e-01
  1.14756264e-01 -3.67802638e-03 -1.82226285e-01 -4.59313951e-02
  1.87715247e-01 -1.04360811e-01 -2.76468508e-02  3.11289150e-02
  1.66259915e-01  2.33489737e-01  2.50874639e-01  2.31371701e-01
 -1.06785282e-01 -1.62877794e-02 -1.27547175e-01 -7.33249560e-02
  9.20109637e-03  1.27419516e-01 -9.76879373e-02  1.33413583e-01
  7.50206932e-02 -4.66870181e-02  2.33796790e-01  2.14997053e-01
  4.26038414e-01  3.51450562e-01  1.90915972e-01  1.72147140e-01
  2.02995643e-01  9.28617194e-02 -4.42782231e-02 -9.86131355e-02
  7.74844661e-02 -3.67614657e-01  9.60465446e-02  4.64225328e-03
 -1.95335612e-01 -2.71985251e-02  1.87516898e-01  1.02702975e-01
  1.37076989e-01 -2.45799571e-01 -2.81974763e-01  9.83264744e-02
 -1.74355507e-01 -3.35093364e-02 -2.85958141e-01 -4.35488611e-01
  7.96667952e-03  1.02365561e-01 -4.26128171e-02  6.48948327e-02
 -5.73348179e-02 -7.50031397e-02 -1.40374392e-01  3.09183579e-02
 -1.16451196e-01 -7.15135857e-02  1.38296634e-01  1.32198319e-01
  1.00463532e-01  7.77589008e-02  1.85135022e-01  3.76017578e-02
  1.01127274e-01 -1.67755589e-01  2.57934600e-01 -4.57523353e-02
  3.07550281e-01 -1.03275077e-02  2.94140261e-02 -1.15717128e-01
 -2.26921603e-01 -3.20558883e-02  3.97383004e-01  6.79525435e-02
 -3.09833825e-01  1.40327260e-01  5.31122833e-02 -5.27715869e-02
  4.61985096e-02 -2.34109357e-01 -1.91725880e-01  2.96491176e-01
  1.03970908e-01  1.58055946e-01  3.59876245e-01  6.96358606e-02
  2.74241984e-01  1.74967512e-01  8.03469196e-02 -9.38236490e-02
  4.08439547e-01 -3.54588449e-01  3.35952967e-01 -1.50081858e-01
  3.07503045e-01 -5.85174300e-02  2.19513595e-01 -4.75611128e-02
  1.24867000e-01 -1.92399606e-01  1.93664152e-02 -7.90210627e-03
 -2.38055646e-01 -8.23280716e-04 -3.11293025e-02 -2.97254547e-02
 -4.27536577e-01 -1.93799600e-01  1.17726259e-01 -1.60959721e-01
  9.68158394e-02  1.42831415e-01  8.61659497e-02 -1.23329528e-01
  1.08712278e-01  6.56265989e-02 -2.17742607e-01 -1.40049592e-01
  9.63050500e-03  2.01727927e-01  5.53760380e-02 -2.07827508e-01
  2.02611700e-01 -1.35269612e-01  2.52608567e-01  1.23540074e-01
 -5.90157546e-02  1.87897548e-01  5.82311377e-02  1.99122429e-01
 -4.55523990e-02  6.70842454e-02 -2.33549908e-01  2.88520843e-01
  2.58333862e-01 -4.90169972e-02  1.04650311e-01 -2.36057445e-01
  2.52875447e-01  1.18876593e-02 -2.89393235e-02 -4.39758487e-02
 -7.88057894e-02  2.91223228e-01 -6.10804677e-01 -3.50241014e-03
 -1.50957808e-01  3.97025384e-02  2.50413448e-01  1.68715522e-01
 -2.15754315e-01  2.51188546e-01  9.71004143e-02  8.91488418e-02
 -1.31102830e-01 -1.81079388e-01 -1.21396996e-01  4.95683961e-02
 -1.99957401e-03 -2.54239086e-02 -1.22496821e-02  7.39668589e-03
 -2.51911357e-02 -5.22706062e-02 -4.42212783e-02 -8.21751654e-02
 -3.35532695e-01 -1.26046672e-01  3.16815963e-03  2.31168479e-01
  1.99313149e-01 -3.37475305e-03 -3.09173971e-01 -3.25615913e-01
  9.47962776e-02  6.05323389e-02  1.01469390e-01 -2.37414435e-01
  1.76449925e-01 -2.19916366e-02 -9.39404145e-02  1.04823813e-01
  5.01724966e-02 -2.95564651e-01  6.84940144e-02  1.28767058e-01
  3.16366665e-02  6.00699196e-03 -1.20461203e-01 -3.25101793e-01
 -1.49547964e-01  7.37481117e-02 -2.31213421e-01 -3.05441260e-01
 -1.41853049e-01 -1.67024821e-01  1.45021379e-01 -1.07021138e-01
 -2.61535078e-01  3.45979594e-02 -2.09023744e-01  3.81883830e-01
  2.94615209e-01 -1.73262358e-01 -4.17973995e-02  1.58287227e-01
  3.03291883e-02  1.87611178e-01 -2.86316276e-01 -2.14500725e-01
 -8.29270259e-02 -5.81419580e-02 -3.03681195e-01  1.24505959e-01
 -5.36144190e-02 -3.11000384e-02  3.04614276e-01 -6.55070879e-03
  1.28025636e-01 -2.81950146e-01  8.97816569e-02  1.60628125e-01
  1.23951519e-02  1.55761346e-01 -8.08521211e-02 -2.77821943e-02
 -5.37344180e-02 -2.77290910e-01  2.51639813e-01  1.03683338e-01
 -1.18879437e-01  1.41034415e-02  2.61550993e-01  2.35992029e-01
 -1.43245950e-01 -6.87505975e-02  3.76448222e-02 -4.56115939e-02
 -1.45922735e-01  1.22406706e-01 -2.00422019e-01  1.40288875e-01
 -1.02434997e-02 -1.52203990e-02 -1.70477822e-01  1.08453922e-01
  1.61020868e-02 -4.31998745e-02  1.06816195e-01  3.25932242e-02
  6.22019768e-02  2.14191526e-01 -1.21980300e-02 -2.22218469e-01
  1.06727257e-01 -4.91462648e-03 -2.46421307e-01 -1.69661552e-01
 -2.35590965e-01 -1.01525985e-01  6.19819351e-02  2.61451211e-02
 -2.52483249e-01 -5.66122867e-02  2.21618675e-02 -9.61312372e-03
 -1.96111023e-01  1.68559015e-01 -1.73294961e-01  1.37844846e-01
 -7.42970034e-02 -9.12368745e-02 -7.74985403e-02  3.86860222e-02
  2.80583967e-02  1.92051772e-02  1.85572967e-01  3.00560463e-02
 -2.44012475e-02  3.88647825e-01  6.10502250e-03 -8.62249210e-02
  4.12635922e-01 -7.78061450e-02 -9.86131504e-02 -4.71527092e-02
  3.86290960e-02  4.98616844e-02  1.65959194e-01  2.73827285e-01
 -1.94698825e-01  1.21671610e-01 -2.64865845e-01 -1.75330848e-01
  7.01550096e-02 -2.19993427e-01  2.82719076e-01 -1.28702372e-01
 -1.75969806e-02 -6.15487546e-02 -1.16718989e-02  5.79691716e-02
 -3.99939623e-03  2.13408470e-01 -2.31132470e-02 -9.07222256e-02
  1.28103584e-01 -3.15360762e-02 -2.01215018e-02 -1.29835054e-01
 -4.68328148e-02  3.92893404e-02 -1.31278902e-01  4.15613726e-02
 -9.53933969e-03  8.52205604e-02  1.10144146e-01  3.43913168e-01
  1.21343948e-01 -2.57273644e-01  8.35966039e-03  2.42016613e-01
 -1.73946381e-01  6.57733390e-03  1.24230973e-01  4.61512022e-02]",Hard,0.9023897396719446,0.09761026032805573
cpl,CPL-TIF-04,6,2,mampu meningkatkan pengetahuan dan kemampuan terkait pemanfaatan database dalam mendukung perkembangan teknologi informasi e,meningkatkan pengetahuan kemampuan terkait pemanfaatan database mendukung perkembangan teknologi informasi e,"[-1.03756458e-01 -4.38579284e-02 -2.74912030e-01 -1.68624058e-01
 -2.74436623e-01  6.54065832e-02 -8.69813412e-02  1.52490899e-01
  7.07366597e-03  3.42648178e-01 -2.56071001e-01  2.09276885e-01
  2.88646400e-01 -2.39701256e-01 -3.81329395e-02 -1.03457332e-01
  1.10462405e-01  3.85235320e-03 -7.65881389e-02 -3.78206789e-01
 -3.56094003e-01 -1.07027441e-01  4.88203242e-02 -1.49455547e-01
 -3.84514928e-01 -4.36120927e-02 -1.89368621e-01 -1.58020794e-01
 -7.70027637e-02 -1.13076277e-01  1.33582607e-01  5.43032587e-02
  4.16060418e-01  1.79572627e-01 -2.75051057e-01 -5.96243143e-03
 -1.31168827e-01  2.65849270e-02 -2.42798343e-01 -1.07786819e-01
 -7.37353563e-02 -1.28259838e-01  1.35000125e-02  1.77052468e-01
 -9.88647863e-02 -2.46930355e-03 -2.45111361e-01  1.61086544e-01
 -1.78437933e-01  2.03597173e-01 -2.76815742e-01 -2.30673864e-01
 -1.01860262e-01 -1.81101523e-02  6.83116838e-02  2.97510445e-01
 -8.51010755e-02  1.06528938e-01 -5.23071587e-01 -1.91091701e-01
  1.95698038e-01  1.60361096e-01  4.05453444e-02  5.29075637e-02
  1.90065533e-01  2.93242097e-01  1.83933705e-01  3.79636705e-01
 -9.87300500e-02 -3.56179416e-01 -3.48620504e-01  4.43737805e-02
 -3.34253043e-01  1.18193187e-01 -3.76271099e-01 -8.14314466e-03
 -1.00570180e-01 -6.28342852e-02  3.98391426e-01  1.68267228e-02
  1.16749734e-01  3.05746228e-01 -1.75323665e-01  1.66286752e-01
 -3.44134159e-02 -1.86195709e-02  8.95910189e-02 -2.46747434e-01
  1.55136630e-01 -1.21139497e-01  1.71162188e-01  2.39157140e-01
 -9.41015109e-02 -8.18586797e-02 -7.02556223e-02 -2.22599223e-01
 -1.82095408e-01 -1.28442943e-01  1.26122897e-02  4.30323154e-01
 -2.40784600e-01  8.01768750e-02 -7.04527795e-02 -3.38174552e-01
  1.97701901e-02  3.58040258e-03  2.50497729e-01  1.14101619e-01
 -2.18580768e-01 -2.66037695e-02  1.53884202e-01  1.20877847e-02
 -1.46183968e-01 -1.02458619e-01  1.26142353e-01  1.56106874e-01
 -2.22498283e-01 -1.09601557e-01  1.88418299e-01  1.39812261e-01
  1.11271970e-01  4.36442383e-02  1.18906759e-01  1.77280694e-01
  4.03872013e-01 -1.73979118e-01 -4.85049523e-02  1.26255959e-01
 -1.28624052e-01 -7.79720470e-02  3.80462170e-01 -1.24571323e-01
  1.89733580e-02  2.99672544e-01 -2.01375455e-01 -2.35390484e-01
  1.30144030e-01 -2.49396890e-01 -1.18903115e-01  1.82523295e-01
  1.35568883e-02  4.06482816e-02  4.14471179e-01 -1.40450031e-01
 -5.40568680e-02  5.27469039e-01 -9.80877429e-02 -3.21440846e-01
  2.43957564e-01 -3.12195659e-01  3.38501871e-01 -2.13526264e-01
  4.63318318e-01  2.25456491e-01 -5.67699922e-03 -6.91011772e-02
  1.92780480e-01 -4.90765534e-02  9.19007435e-02 -1.65444404e-01
 -2.78532714e-01 -4.35564034e-02 -2.66676366e-01 -3.73818055e-02
 -1.34385109e-01 -2.26801470e-01  1.17853194e-01  2.55571287e-02
  3.00556034e-01  9.07809213e-02  1.92729533e-01 -1.76398739e-01
 -1.52782083e-01 -4.01872173e-02  2.95917392e-01 -1.35355797e-02
  1.93823427e-01 -1.74565926e-01  2.54754364e-01 -1.79016918e-01
  3.01102608e-01 -2.25851759e-01  2.68652558e-01  1.50689721e-01
  1.02832839e-01 -1.20187789e-01 -6.29805960e-03  4.60961536e-02
  6.49869293e-02  1.01680353e-01  3.28630619e-02  2.13618249e-01
  3.44552010e-01 -1.78254813e-01  9.80580375e-02 -1.62729621e-01
  2.39721358e-01  2.23566294e-02 -1.94488451e-01 -2.63738394e-01
  1.01554804e-01  1.71306226e-02 -4.35760498e-01  4.79275361e-02
 -5.59137240e-02 -7.17375726e-02  1.71311080e-01  3.15158337e-01
 -9.57934335e-02 -5.44070303e-02 -5.65173924e-02  2.15479061e-01
 -3.77167612e-01 -1.15450241e-01 -9.26119462e-02 -1.28226444e-01
 -1.43762171e-01  1.91247731e-01  1.61884353e-01 -6.31105900e-02
 -1.67567670e-01 -6.32493272e-02  5.02243452e-02 -4.83653471e-02
 -4.02195454e-01  8.42536315e-02 -1.91036195e-01  1.39914513e-01
  1.77079871e-01 -1.59864575e-02 -4.09070216e-03 -4.70337123e-01
  4.22782153e-02 -1.27903754e-02 -2.07814842e-01 -1.32487908e-01
 -1.22055024e-01 -1.54852673e-01  1.67678833e-01  2.73781549e-02
 -2.57237926e-02  1.39588967e-01  1.35377394e-02  3.91504057e-02
  1.95291433e-02 -3.95522155e-02 -4.02454615e-01 -1.43217832e-01
  4.87497486e-02 -3.10872830e-02 -3.00240964e-01 -2.66697049e-01
  1.15827054e-01 -4.02593911e-02  4.17345278e-02 -4.08306867e-01
  8.98049921e-02  5.06717227e-02 -2.23270252e-01  2.02188551e-01
  4.15419400e-01 -3.08556825e-01 -5.08929826e-02  2.40710929e-01
  5.23858406e-02  5.04902266e-02 -9.20958966e-02 -8.75591338e-02
 -7.37583861e-02  3.14357728e-01 -2.84448564e-01  3.97672266e-01
  2.82194614e-01  5.23018762e-02  3.23973387e-01 -1.09468699e-01
  2.23746017e-01 -3.99498641e-01  5.92839085e-02  2.98432112e-01
 -7.67815765e-03 -9.15300176e-02 -3.56149524e-01  7.34767392e-02
 -3.85698373e-03 -8.74086544e-02  1.67676285e-01  2.19851688e-01
 -1.82900742e-01  1.41679749e-01  2.93057829e-01  7.61328936e-02
 -1.33443668e-01 -9.98938084e-02  2.19750926e-01 -3.25235158e-01
  1.97980367e-02 -1.90229937e-01 -1.39890760e-01  2.26092190e-02
 -1.64636865e-01 -4.25760746e-02  8.48284438e-02 -1.43971547e-01
 -1.51026472e-01 -1.65259883e-01 -3.82522270e-02  6.03735726e-03
  1.43750742e-01  3.19240481e-01 -7.15403724e-03 -4.26061034e-01
 -4.30182088e-04 -8.37046951e-02 -5.42687356e-01 -1.52930617e-01
 -2.03294352e-01  1.55244209e-02 -2.64834076e-01 -1.69810012e-01
  5.53272804e-03  1.19290940e-01  1.57174021e-01  1.66950718e-01
  1.42381757e-01 -1.30913332e-01 -3.01539034e-01  5.71553588e-01
  1.21872105e-01 -4.58937623e-02  5.41566126e-02 -1.26927778e-01
 -2.91346431e-01 -7.03892019e-03  4.07359332e-01  7.43736476e-02
  1.57038823e-01  3.66719440e-02  1.27883732e-01 -1.17735699e-01
  4.24658358e-01  6.24144487e-02 -2.87272751e-01  5.23412228e-02
  3.42771001e-02  9.79494955e-03  2.93093652e-01  7.77321875e-01
  4.68042307e-02  1.45640850e-01  2.07842708e-01  3.50484103e-02
  2.36785829e-01 -5.40555976e-02  2.08108902e-01 -1.03213884e-01
 -7.21162534e-04  2.91097984e-02 -1.97703600e-01  3.94464396e-02
  1.97277635e-01  3.01026314e-01  2.52850465e-02  1.71370596e-01
 -1.07417665e-01  3.53491828e-02 -1.15196213e-01  2.85974368e-02
  9.28026140e-02 -5.74698225e-02 -1.12579308e-01 -2.61250556e-01
  1.91027150e-01  2.23410457e-01  9.94848981e-02  1.07971460e-01
  3.00176680e-01 -1.54428989e-01  4.19261277e-01  1.23278186e-01
 -3.06748636e-02 -1.94856767e-02  2.32530143e-02 -6.73969323e-03]",Hard,0.9907060807082569,0.009293919291743082
cpl,CPL-TIF-05,6,3,mempunyai kemampuan komunikasi dalam mendefinisikan kebutuhan organisasi akan teknik informatika secara detail dan menyeluruh f,kemampuan komunikasi mendefinisikan kebutuhan organisasi teknik informatika detail f,"[ 1.20451320e-02  8.17167386e-02 -8.56367424e-02 -3.00471246e-01
 -1.34166270e-01 -1.34624138e-01  1.34281099e-01  2.47409120e-01
  4.97624874e-02  4.44103405e-02 -1.27887502e-01  8.78765341e-03
  2.05041349e-01 -2.67799795e-01  2.97288239e-01  1.21908583e-01
  2.35780850e-01 -9.25992876e-02 -2.36477330e-02 -2.76267320e-01
  1.62715599e-01 -1.60618573e-01  1.09210446e-01 -5.70006967e-02
 -2.08882257e-01 -4.12944816e-02 -2.19591439e-01 -3.10843457e-02
  9.97029543e-02 -1.19815283e-01  4.11896082e-03  1.51680246e-01
  5.19016027e-01  1.61033660e-01 -2.05884352e-01  3.22173655e-01
  8.35042521e-02 -1.29380479e-01 -5.99282719e-02 -1.01422437e-01
 -2.83409096e-02 -2.21337210e-02  1.96449310e-01  4.25855368e-02
 -1.30536437e-01 -9.09415819e-03 -3.09188098e-01 -7.04734307e-03
 -3.77088755e-01 -3.41224708e-02 -4.43316363e-02  1.24383941e-01
  4.06687986e-03  1.14974514e-01  5.11904014e-03  2.98073918e-01
  2.97702819e-01  4.05358613e-01 -5.83284646e-02 -6.04396798e-02
  3.03800166e-01 -6.44756062e-03 -2.28927284e-01  1.08778648e-01
  2.27204323e-01  1.32402286e-01 -2.26509660e-01  4.07747895e-01
 -1.72852814e-01 -1.51043609e-01 -2.01686531e-01 -1.07010037e-01
 -7.41593912e-02  1.52285904e-01 -9.10048559e-02  1.97622791e-01
 -8.27643126e-02  3.73456739e-02  2.93025702e-01  1.35910764e-01
  2.63541758e-01  2.38082856e-01 -8.96306038e-02  1.36321291e-01
 -5.10622449e-02  1.43320337e-01 -6.15676073e-03 -1.20867409e-01
 -5.56520671e-02  3.20879999e-03 -1.71777740e-01  1.05302602e-01
 -7.46099744e-03 -4.08906415e-02  2.72612106e-02 -3.66254784e-02
  1.08203683e-02 -2.48395264e-01 -2.48830184e-01  5.62190831e-01
 -2.07709134e-01  1.23015955e-01 -2.37732641e-02 -2.26766557e-01
 -1.98513508e-01 -5.78320660e-02  1.76600628e-02 -7.40503818e-02
 -2.04083145e-01  5.19469054e-03 -5.67108840e-02 -7.48493522e-02
 -3.63798082e-01 -1.91975698e-01  2.35757753e-01 -5.50949648e-02
 -1.31198227e-01  4.77475673e-02  2.72324502e-01  1.45929739e-01
 -7.54841715e-02 -1.72429513e-02  7.02565117e-03 -2.73393020e-02
  1.86723769e-01 -3.34677190e-01 -4.72318009e-02  3.68608572e-02
 -2.41072342e-01  1.12930231e-01  2.41445526e-02  9.43033695e-02
 -5.37854992e-02 -3.05347256e-02  1.46219023e-02  1.25028372e-01
  2.67515510e-01 -1.19250864e-01 -5.75007647e-02  2.60335416e-01
  2.35305279e-01  4.67715450e-02  5.69744051e-01 -2.09990311e-02
 -7.03992695e-02  3.35481375e-01  5.81365861e-02 -2.94811428e-01
  2.93044537e-01 -5.55743054e-02 -5.11136018e-02  6.52910843e-02
  3.89596015e-01 -1.35567650e-01 -2.60906935e-01 -1.06581345e-01
 -1.52448853e-02 -1.38921037e-01 -4.10577878e-02  8.15300569e-02
 -4.97651659e-02 -9.73112658e-02  3.84052068e-01 -1.54498786e-01
 -1.22074679e-01 -3.98132265e-01 -1.79180920e-01 -1.01379544e-01
  7.77371824e-02 -4.14987169e-02  4.71872166e-02 -1.77039698e-01
  2.89446890e-01 -1.28661692e-01  1.77045837e-01 -1.46938637e-01
  7.62170926e-02  1.21603929e-01  6.61086589e-02 -1.73136577e-01
  3.94549966e-01 -1.49324000e-01  2.38848343e-01 -1.22980274e-01
  4.37091030e-02 -8.19835961e-02  8.17872584e-02  1.78527728e-01
 -1.90922514e-01  5.51325344e-02  5.75078912e-02  2.33499348e-01
  3.03931236e-01 -1.96859732e-01 -8.97158086e-02 -2.75083750e-01
  4.32861775e-01 -6.20282702e-02 -2.70578802e-01 -8.62170383e-02
 -2.56721199e-01  7.58274123e-02 -5.64751029e-01  8.15116018e-02
 -2.48951405e-01  1.03438228e-01  1.44104466e-01  1.27759799e-01
  1.67928711e-02  5.51812872e-02  1.51142888e-02  1.22111356e-02
 -2.05568075e-01 -1.09564084e-04  2.30730712e-01 -1.86455935e-01
 -2.75986135e-01  3.91602069e-01  2.35110447e-02  1.10845052e-01
 -1.57563046e-01  2.12416351e-01 -6.95387051e-02 -2.60983020e-01
 -2.16277629e-01  2.57358193e-01 -2.98246533e-01  4.34321687e-02
  4.71788011e-02  4.57640812e-02 -2.02913787e-02 -3.21249455e-01
  2.45592266e-01  8.00094157e-02 -4.00257766e-01 -2.74589285e-02
 -4.76852283e-02  2.15817854e-01 -2.27324039e-01 -2.29146928e-01
  1.39742389e-01 -1.49104267e-01 -2.47654691e-01 -1.14714846e-01
  2.11451158e-01 -1.70961857e-01 -3.95644493e-02 -2.96530068e-01
 -2.22278424e-02  1.70204192e-01 -1.33184433e-01 -3.17885369e-01
 -7.12459609e-02 -1.01261035e-01  1.45972138e-02 -2.48153552e-01
 -9.53949839e-02  2.00427681e-01  1.16425976e-01 -4.71589118e-02
  3.86137128e-01  1.14109129e-01 -3.84639320e-03  1.02755949e-01
  3.24762046e-01  6.60297498e-02 -1.21253639e-01  2.74083018e-01
  9.50721800e-02  1.23645946e-01 -3.44957203e-01 -1.75010219e-01
 -2.73553096e-02 -1.19308881e-01  2.31430352e-01 -3.56134564e-01
  1.78018406e-01 -2.83514947e-01 -1.53871909e-01  1.38372019e-01
 -1.70932978e-01 -1.49668485e-01 -1.14437275e-01 -6.13129660e-02
  2.09690779e-01 -1.80032343e-01  4.87204827e-02  4.34722677e-02
 -6.73091859e-02  2.00946599e-01  2.08078697e-01  4.72968165e-03
 -3.62300989e-03 -4.43557873e-02  3.18432152e-01 -1.28480703e-01
 -2.86502205e-02 -1.06256098e-01 -5.79588115e-01 -3.20272297e-02
  2.67075859e-02 -9.30656195e-02 -1.84886247e-01  2.81510323e-01
  3.12247742e-02 -1.43142343e-01  5.74404001e-02 -1.88538343e-01
  1.47259012e-01  1.79256886e-01  3.43837559e-01 -9.46055204e-02
  1.28165990e-01 -1.03213027e-01 -2.29181543e-01  8.98122881e-03
 -3.08954090e-01  6.94466829e-02 -1.30511522e-01 -2.58582771e-01
 -3.55496779e-02 -1.14339106e-01 -3.22320014e-01 -2.41016597e-01
  1.86818779e-01  1.35089129e-01 -2.16647685e-01 -1.84131786e-01
  9.66413692e-02  1.52734131e-01 -6.83912600e-04 -3.61521691e-02
 -2.91486531e-01 -2.87894867e-02  3.52798492e-01  1.68699279e-01
 -1.51492879e-01  3.12923244e-03  1.75886415e-02  1.24144197e-01
  5.52484870e-01  2.28360621e-03 -4.67497855e-01  2.59549528e-01
 -5.03020510e-02  1.46194845e-01  1.55835658e-01  3.79818112e-01
 -9.72491130e-02  1.65321410e-01 -1.60911724e-01 -1.54210692e-02
  2.47030351e-02  3.72428843e-03 -2.70938724e-01  2.26031356e-02
  1.55256778e-01 -1.01726659e-01  1.94091629e-02 -1.20030940e-02
 -6.94113672e-02  1.49466127e-01  6.28427565e-02  4.11033034e-01
  2.41213232e-01  9.62416083e-02 -9.38647687e-02 -6.44968152e-02
  6.94382340e-02 -5.50309233e-02 -5.48024252e-02 -5.87280430e-02
 -7.50169232e-02  2.67204881e-01 -7.31931031e-02  7.23768026e-02
  1.97291598e-01  1.26332238e-01  7.17320368e-02  1.62213277e-02
 -2.13692993e-01  2.26413339e-01  2.24554986e-01  3.47917899e-02]",Hard,0.7710422802849596,0.22895771971504053
cpl,CPL-TIF-06,6,4,mampu membuat desain secara holistik sebuah model dan arsitektur teknik informatika yang mendukung organisasi dan bisnisnya dengan menggunakan standar internasional g,desain holistik model arsitektur teknik informatika mendukung organisasi bisnisnya standar internasional g,"[-0.01605056  0.23904411 -0.05928567 -0.07569885 -0.13002217 -0.2029665
 -0.24717492 -0.03235288 -0.16877247  0.08774985 -0.26572862  0.25870013
  0.20790096 -0.27753577  0.23452502  0.04708553 -0.3356823  -0.04172588
  0.04197421 -0.0461648   0.09692553 -0.28846344 -0.06425579 -0.04596745
 -0.16354614  0.27148563  0.33152175 -0.20469807  0.22092323 -0.19826305
  0.01725984  0.16719829  0.19549355  0.02612017 -0.06722429  0.28630033
 -0.1974455  -0.06412936 -0.1499706   0.00475448 -0.08646543  0.0701471
  0.10911399 -0.11663208 -0.013737    0.14572537 -0.16503586  0.07679464
 -0.44996417  0.07013442 -0.2360241  -0.4961735  -0.11090598 -0.12187521
  0.00150761  0.2131534   0.19683383 -0.07589802 -0.05399778 -0.39827216
  0.07254177  0.0796238  -0.03382996  0.19970128  0.20951842  0.24032216
 -0.1238444   0.2817622  -0.14389062 -0.09047542 -0.11293769 -0.17885154
  0.031689   -0.04898657  0.18180121 -0.14343947  0.06811529 -0.06757133
  0.23071627  0.18914708  0.49523172  0.03463829  0.0743094   0.31207922
  0.23795033  0.1260456  -0.16978252 -0.07476953  0.16745965 -0.03014687
  0.11559893 -0.01539725 -0.20827574  0.06643779  0.17873187 -0.05021734
 -0.04982458 -0.3830096  -0.04651127  0.28370902 -0.01962906  0.09991238
  0.19837867  0.08128555  0.094271    0.0698906   0.13782205  0.03899833
 -0.0609002  -0.08518759 -0.13186386  0.08083758 -0.22225058 -0.26228824
 -0.20750955  0.05861859 -0.15994346  0.03395295  0.2862398  -0.17511988
  0.3115221  -0.06992428  0.13361143 -0.06278803 -0.02972024  0.02476226
 -0.307288   -0.09305653 -0.31959012 -0.05552913  0.15215726 -0.0065917
  0.15599555  0.06149865  0.01387947 -0.01896013  0.10566864 -0.24766357
 -0.18034145  0.22927438  0.08444645  0.16689548  0.25106275 -0.07240269
 -0.00842174  0.29219186  0.03291327  0.16030188  0.09842798 -0.17195232
  0.17676654  0.09383902  0.00411454 -0.0508566   0.09250786  0.08659343
 -0.2631572  -0.10745074 -0.0332396   0.08859942 -0.03545738 -0.01892404
 -0.06661789  0.04233566 -0.21401274 -0.15934822 -0.11822306 -0.17018272
  0.19605075 -0.03682704  0.09773131 -0.18986309  0.3788045  -0.09778365
  0.20909266 -0.06716204  0.07320359  0.02252422 -0.0622911   0.03436302
  0.28440043  0.18245472  0.3626426  -0.2154578   0.02021898 -0.12002204
  0.23588966  0.3095426  -0.09196351  0.18581414 -0.22008169  0.3498079
  0.07228741 -0.110018    0.17232195 -0.2568212   0.34995186  0.11813199
  0.09533473  0.11092987 -0.04335126  0.26989073 -0.5733888   0.0082398
 -0.08435796  0.01520432  0.32600263  0.11274246 -0.14678092  0.16337804
  0.12793651 -0.00730702 -0.19684792  0.1286267   0.3542198  -0.20755303
 -0.18007886 -0.00401073 -0.41593418  0.01687005  0.08924953  0.14654295
 -0.1566586  -0.11369274 -0.02639519 -0.22741157 -0.14728898 -0.19973299
  0.01479083 -0.03870123 -0.18784206 -0.36774173  0.10566255  0.15754025
  0.16473004 -0.24827455  0.24207397  0.07336901 -0.04853743 -0.20532441
  0.15092805 -0.6578993  -0.16978438  0.04623179  0.08542305 -0.05731782
 -0.33140978  0.01053232 -0.01457619  0.20508677  0.03500263 -0.07377388
  0.14308468 -0.05411975 -0.16249263 -0.01061876 -0.35959604  0.34729728
  0.05738864  0.26856512  0.2080712  -0.06949753  0.07116833 -0.16022955
  0.05336227 -0.04182027 -0.01788641  0.04494338 -0.1705397  -0.06502033
 -0.16181764 -0.16809754  0.03114882 -0.18444358  0.00883157  0.11369478
  0.31279603 -0.60885745  0.20744915  0.09587763 -0.15754485  0.06392301
 -0.05009573  0.14930578 -0.02892728  0.05477765  0.3250397   0.275992
 -0.26784143 -0.29112658  0.15079829  0.27460217 -0.33524358  0.03725554
  0.06204308  0.1568224  -0.3366009   0.200547   -0.12316246 -0.23692493
  0.25455448 -0.02587325  0.04695653 -0.003643    0.10252845  0.09465083
  0.29161555  0.07555832 -0.032664    0.04243673 -0.02833142 -0.4119411
 -0.05767535 -0.08722347 -0.2263678   0.02083937 -0.07019398  0.05665892
  0.04513742 -0.06939019 -0.2911169  -0.15155987 -0.10414022 -0.28894028
 -0.3281934   0.17441723 -0.03612436 -0.11979114 -0.25684986 -0.14205162
 -0.26623273  0.03570565 -0.07233739  0.2933443  -0.06674758  0.04706402
 -0.2750132   0.4023491   0.05678999 -0.08986074  0.538039    0.18175708
 -0.3792334  -0.0860576   0.0799553   0.02367656 -0.19830234  0.08908194
  0.1122646  -0.00488421 -0.16823576  0.21623784  0.07713057 -0.24276668
  0.18322943 -0.16439629 -0.0876065  -0.11929356 -0.20035811  0.00971897
  0.22694044  0.31933618  0.21868302  0.0896701   0.11089375  0.01923629
  0.19678204  0.00151461  0.11174398  0.1700267  -0.16242409  0.091277
  0.1236187   0.11086957  0.08488792  0.35692716 -0.0685646  -0.20002306
  0.19224615 -0.00118221 -0.15630172 -0.11284309 -0.17692903  0.1985989 ]",Hard,0.9178430340191827,0.08215696598081752
cpl,CPL-TIF-07,6,1,memiliki keahlian bidang bisnis dan teknologi baik secara konseptual maupun praktikal dan mampu melanjutkan studi di bidang teknik informatika dan teknologi informasi 2,memiliki keahlian bidang bisnis teknologi konseptual praktikal melanjutkan studi bidang teknik informatika teknologi informasi,"[ 2.53362834e-01  2.55567700e-01 -6.02212995e-02 -1.10150866e-01
 -1.45068303e-01 -4.60300185e-02  3.80830057e-02  2.07880244e-01
 -1.19759785e-02  1.39686286e-01 -7.89680853e-02  1.66330621e-01
  1.79137790e-03 -1.12137981e-01  2.93479145e-01  2.37107173e-01
 -2.34321449e-02 -9.24668610e-02  5.98284453e-02 -1.80071607e-01
 -2.67699450e-01 -1.76948473e-01  4.99255545e-02 -3.09583694e-01
 -1.85284436e-01 -1.88958435e-03  1.16289323e-02 -7.12921768e-02
  6.91347122e-02 -1.66535497e-01  3.81485373e-02  2.37046450e-01
  1.48031518e-01  2.71669507e-01 -1.70603171e-01  2.72021979e-01
 -9.57947522e-02  1.05891235e-01  6.48725778e-04 -1.37682050e-01
  5.52166849e-02 -2.23065376e-01  2.08877072e-01  1.30608529e-01
 -3.36773582e-02 -1.28064930e-01 -1.03157215e-01 -2.22344939e-02
 -6.27030954e-02 -1.08985901e-01 -5.06780148e-01 -2.20424131e-01
  3.08802687e-02  7.93285891e-02  4.58585881e-02  2.03425810e-01
  3.12233120e-01  4.13395613e-01  5.79331778e-02 -2.08006337e-01
  1.53945029e-01 -5.74434213e-02 -2.42393196e-01  8.54119584e-02
  1.63759366e-01  4.76434343e-02 -2.07836732e-01  2.05347836e-01
 -1.15930557e-01 -3.08238119e-01 -1.34252757e-02 -1.09676935e-01
 -3.10303748e-01  3.73747468e-01 -5.81266098e-02  5.09909540e-02
  9.25081745e-02  1.00863427e-01  2.36198425e-01  2.23653376e-01
  1.73341706e-01  1.47138499e-02  2.22463124e-02  8.06413144e-02
 -1.70834854e-01  2.71676511e-01 -1.74251765e-01  7.58828446e-02
  9.65648443e-02 -1.09887403e-02  1.59250244e-01 -5.94094545e-02
 -1.19897313e-01 -9.78116542e-02  1.25976399e-01 -7.33386129e-02
  1.15647882e-01 -1.15313210e-01 -1.13711968e-01 -9.28925117e-04
 -1.47547603e-01  3.14394981e-02 -9.57415998e-02 -2.54962474e-01
  4.76552024e-02  4.26376127e-02  1.22053092e-02 -1.57311857e-01
  7.47692287e-02  9.81352031e-02  3.08865681e-02  8.01591501e-02
 -3.98513168e-01 -3.91251951e-01  2.74366081e-01  2.47391328e-01
 -2.99857736e-01  1.16853513e-01  2.53426760e-01  7.88754523e-02
  8.87412503e-02  1.75722137e-01  1.12438053e-01 -1.25079975e-01
 -1.76825970e-02 -2.47644961e-01  3.28101069e-02  2.39524916e-01
 -3.82856011e-01  4.75365110e-02  2.61433125e-01  8.10140222e-02
 -6.90107271e-02  1.68243781e-01  8.55462924e-02 -5.24552129e-02
  5.10623902e-02 -2.90318757e-01 -1.65656149e-01  3.30553204e-01
 -1.55284226e-01  1.04400307e-01  1.32300198e-01 -4.11450975e-02
 -4.66658995e-02  1.45202085e-01  1.14460438e-01 -1.16902143e-01
  2.91881561e-01 -1.06501214e-01 -5.66611215e-02  1.10367306e-01
  2.39662945e-01 -3.71168591e-02  2.24169835e-01  7.73296580e-02
  2.10396752e-01 -1.13347024e-01 -1.00346893e-01  1.17493138e-01
 -1.54313773e-01 -2.38820419e-01  2.81519860e-01  1.64124161e-01
 -7.30479285e-02 -2.12610349e-01 -1.89659037e-02 -1.13359913e-01
 -1.59718003e-02  1.35147393e-01  9.48940068e-02 -4.42232937e-02
  5.68944663e-02 -1.41997829e-01  3.73169273e-01 -6.18612580e-02
  1.53959066e-01 -1.20022073e-02  9.99632478e-02 -2.55811900e-01
  4.47617471e-01 -1.51302591e-01  1.98667511e-01 -1.41443729e-01
  1.22979559e-01 -1.76682875e-01  7.36042336e-02  2.52380222e-01
 -8.07035640e-02  1.85048953e-01 -2.29057074e-01  2.80243516e-01
  6.39585257e-02 -1.82084158e-01  7.61929005e-02 -1.91436589e-01
  3.70901316e-01  6.21071607e-02 -4.74771075e-02  3.50601822e-02
 -1.47495139e-02 -8.25174376e-02 -4.47635531e-01 -4.96654073e-04
 -1.56104237e-01 -1.92669202e-02  3.22633572e-02  2.19570547e-01
  8.27377737e-02  1.89879537e-02  2.55434155e-01 -2.33171880e-03
 -2.81878412e-01  9.40213203e-02  1.47982731e-01 -3.91487628e-02
 -9.32327211e-02  2.36300260e-01  1.37317535e-02  1.48954205e-02
 -2.98345685e-01  2.92288005e-01 -1.30376652e-01 -2.00208127e-01
 -5.05010009e-01 -1.39297023e-01 -1.06654257e-01  2.77880192e-01
  2.59411842e-01 -2.48479635e-01 -1.78606659e-02 -8.91809314e-02
  3.09328496e-01 -8.99360776e-02 -2.57934891e-02 -1.45483792e-01
 -5.45120388e-02 -8.34473372e-02 -3.67228746e-01  6.46336153e-02
  4.38240021e-02 -1.56190097e-01 -8.62947404e-02  1.24608964e-01
  1.17532149e-01 -1.05335757e-01 -2.68219620e-01 -2.09536895e-01
  4.82312366e-02  2.02865064e-01 -1.14842147e-01 -3.64702344e-01
  2.01215334e-02 -9.38944332e-03  9.16307494e-02 -1.10810615e-01
  1.18809193e-03  1.31643176e-01 -1.92681730e-01 -3.99981849e-02
  2.99128801e-01 -4.40394908e-01  1.81965515e-01 -4.93654795e-02
  2.31922448e-01  5.10365190e-03 -9.82313156e-02 -4.79332991e-02
  4.11437340e-02 -5.41049801e-02 -3.16675365e-01  9.86998975e-02
  7.51350746e-02 -1.81167632e-01  1.61042288e-01 -2.27911681e-01
  9.47128013e-02 -4.66861457e-01 -5.68382293e-02  1.37274235e-01
 -2.13009678e-02  4.68357056e-02 -1.99794516e-01  4.79278974e-02
  8.47504660e-02 -1.52619019e-01  5.79736650e-01  1.10937282e-01
 -2.73682743e-01  1.03721112e-01  2.52642214e-01  1.29430369e-01
 -4.55988348e-01 -1.31702915e-01  1.41664326e-01  8.83160457e-02
 -5.00879921e-02 -8.70747268e-02 -3.33360046e-01  1.91845819e-02
  3.66384163e-03 -1.43680006e-01 -1.55844435e-01  3.53620239e-02
  7.91069567e-02 -1.27447531e-01 -5.41946813e-02 -5.60271554e-02
 -1.78489864e-01  3.89811397e-01 -7.38388374e-02 -2.63728201e-01
  6.75896481e-02 -1.36175662e-01 -2.08099827e-01  8.48381519e-02
 -5.20646833e-02  6.55486286e-02 -1.67484686e-01 -9.98235643e-02
 -1.41117126e-01 -3.60189468e-01 -5.50918244e-02 -2.90027380e-01
  9.62668955e-02  2.25930035e-01 -2.80018449e-01  1.76797286e-01
  9.97472107e-02 -1.53492749e-01 -4.03323293e-01 -3.55621278e-02
 -2.94371635e-01  2.30817005e-01  2.37087190e-01  2.17004046e-02
  4.29678410e-02  1.54943123e-01  6.42521679e-02 -2.50081159e-02
  5.55243134e-01  2.24017203e-02 -2.05554128e-01  2.77475148e-01
 -5.49217276e-02 -2.75158770e-02  1.47786096e-01  4.82641697e-01
  1.35640159e-01  2.09806785e-01 -1.40913904e-01  1.00165829e-01
  1.25011265e-01 -1.32659197e-01 -9.81864557e-02 -3.93347815e-02
  3.19401145e-01  4.29677404e-02 -1.76784918e-01  1.29422054e-01
 -4.35449928e-02 -4.75686602e-02  1.68597564e-01  2.90069282e-01
  2.33004391e-02  4.07638624e-02 -1.32080972e-01  2.91787251e-03
  9.60908532e-02  2.27064621e-02 -3.04822321e-03 -5.19741699e-02
  5.78575805e-02 -1.15959845e-01  1.27288073e-01  2.86017269e-01
  2.43375778e-01 -1.57230198e-01 -3.52827996e-01  2.17260811e-02
 -1.97588116e-01 -1.44396618e-01  2.70498842e-01  2.99674999e-02]",Hard,0.8968000806541224,0.10319991934587801
cpl,CPL-TIF-08,6,1,mampu mengembangkan kepribadian yang berkualitas berintegritas dan bersemangat kemandirian yang inovatifkreatif didukung penguasaan teknologi teknik informatika yang baik secara konseptual maupun praktikal b,mengembangkan kepribadian berkualitas berintegritas bersemangat kemandirian inovatifkreatif didukung penguasaan teknologi teknik informatika konseptual praktikal b,"[ 2.59324480e-02  2.05870122e-01 -2.10502416e-01 -1.65042594e-01
 -4.20361996e-01 -7.63278231e-02  1.05783410e-01  1.35697126e-01
 -4.06674713e-01  4.85811308e-02 -4.08714749e-02 -1.52168944e-01
  2.23612204e-01 -1.39389738e-01  2.53737658e-01  2.54891217e-01
  9.95365437e-03  2.42149439e-02  1.06798999e-01 -2.15626694e-02
 -3.76649410e-01 -1.26937151e-01  7.68658938e-03 -2.00023621e-01
 -2.40930393e-01  5.73129654e-02 -2.83988030e-03 -6.71247542e-02
  1.52513757e-01 -2.29505196e-01  1.66772440e-01  3.05833872e-02
  3.34247410e-01  9.64279994e-02 -3.37281495e-01  3.15671444e-01
 -2.24900112e-01  3.02213430e-02 -4.04407308e-02 -3.30402166e-01
 -2.42055342e-01 -5.64981513e-02  1.23001888e-01  1.08063750e-01
 -1.89645052e-01 -1.60271198e-01 -2.46210489e-02  1.31344289e-01
 -1.97651222e-01 -1.13411464e-01 -3.06171834e-01 -3.29580039e-01
  1.44675085e-02 -8.51089805e-02  1.16883636e-01  2.07514659e-01
  2.08088264e-01  2.90849775e-01 -1.44564271e-01 -7.52886310e-02
  9.84548405e-02 -1.21152036e-01 -1.04348421e-01  1.32524580e-01
  2.97159374e-01  2.72842318e-01 -9.57194567e-02  1.05246287e-02
 -7.31092319e-02 -2.03704149e-01  1.45215765e-01 -1.67927250e-01
  1.03074526e-02  1.57197505e-01  8.72823149e-02  9.99119207e-02
  2.04890464e-02 -5.75146303e-02  1.29679427e-01  2.57897198e-01
  1.98020831e-01  1.35052636e-01  8.98049697e-02  1.32227063e-01
 -1.64893180e-01  1.13662817e-01 -8.21353123e-02  1.37020769e-02
  3.42823379e-02  1.45334020e-01 -2.73548383e-02  2.89790452e-01
 -4.73749116e-02 -1.90784484e-01  2.72533387e-01 -2.21586064e-01
 -1.48096591e-01 -2.73245752e-01 -2.36714631e-01  2.00134248e-01
 -2.93780416e-01 -6.68314844e-02 -1.88480616e-01 -1.09730326e-01
  1.63677141e-01  2.34397784e-01  6.22183941e-02 -2.53025442e-01
 -1.31852433e-01  4.86276671e-02 -2.18274985e-02 -1.41468838e-01
 -1.80883005e-01 -2.11762980e-01  3.59504014e-01  1.90186664e-01
 -2.89165467e-01  1.58857599e-01  1.81306437e-01 -8.96770433e-02
  1.34915277e-01  5.36395982e-02  1.83913067e-01  4.95838784e-02
  4.29921359e-01 -2.39311960e-02  3.78630124e-02  1.27137303e-01
 -2.45975047e-01  4.15693998e-01  3.45097601e-01  3.49648684e-01
 -6.50269613e-02  1.75786600e-01  9.51718539e-02  1.70510728e-02
 -1.38122797e-01 -2.66869754e-01 -6.42590523e-02  2.83541054e-01
 -5.87768964e-02  3.42597187e-01  2.00046271e-01  7.64082596e-02
  2.61730817e-03  8.22622404e-02 -4.42944765e-02  3.58944200e-02
  4.40545022e-01 -4.25203554e-02 -2.74931750e-04 -1.54368296e-01
  2.21406624e-01 -7.35650435e-02  1.32554069e-01  7.29376227e-02
  1.08646527e-01 -1.02568589e-01 -1.29460022e-01 -9.29189567e-03
 -1.21054448e-01 -2.95190839e-03  3.02596569e-01 -1.22594304e-01
 -5.89669421e-02 -2.66336948e-01  1.27630860e-01 -1.48207739e-01
  7.25947097e-02  8.99032354e-02  1.36385426e-01 -6.67025447e-02
  5.07203862e-02  7.63837099e-02  1.05008639e-01 -2.58609802e-01
 -9.44003612e-02  1.76482037e-01  4.51817103e-02 -5.11119552e-02
  4.44319457e-01 -1.18550129e-01 -1.64487600e-01 -2.09443092e-01
 -2.69261878e-02  1.50949195e-01 -9.45104510e-02  7.79215619e-02
 -5.77563904e-02  3.17362636e-01 -3.45608413e-01  1.62213877e-01
  2.43919552e-03 -9.62189361e-02  6.95569664e-02 -2.39580229e-01
  4.89065439e-01 -6.95088282e-02  3.54606435e-02  9.16821510e-02
 -2.82276154e-01 -1.15024127e-01 -4.18679088e-01 -1.32353544e-01
 -1.39380516e-02  8.54311325e-03  1.50368124e-01  2.10292265e-01
 -1.17492281e-01  2.11494818e-01 -1.24394104e-01  4.76051047e-02
  1.82228107e-02  4.36414182e-02  9.77193266e-02 -3.00682068e-01
 -1.29800811e-01  3.15797031e-01  2.25274771e-01  7.76726976e-02
 -1.01864494e-01  2.49210998e-01 -1.98374733e-01 -1.81647271e-01
 -1.18614033e-01 -1.12052150e-01 -6.40635192e-02  2.37200588e-01
  1.02785870e-03 -2.28607014e-01 -1.22424431e-01 -8.85426179e-02
  6.04363754e-02  8.16774964e-02 -2.36552611e-01 -1.83915988e-01
  4.01526004e-01  3.29075335e-03 -3.56161058e-01 -1.26915261e-01
 -1.09159574e-02 -9.09029394e-02 -6.82535097e-02 -7.31868371e-02
  2.44977474e-01  2.22532198e-01 -2.49202758e-01 -2.96726465e-01
  1.47410393e-01  1.81926385e-01 -1.65860251e-01 -2.23168239e-01
 -1.94879516e-03 -5.33517785e-02  1.04480810e-01  1.43498108e-01
 -2.79063642e-01 -2.59687692e-01  9.23901275e-02  1.78208113e-01
 -8.67070034e-02 -1.80851698e-01  5.12432456e-02  1.01045072e-01
 -5.74469268e-02  8.90620351e-02 -4.42468554e-01 -8.04268848e-03
 -2.23451164e-02 -6.53838143e-02  5.54054156e-02 -3.59355249e-02
  2.09015802e-01  5.75109906e-02  8.63368660e-02 -1.50557443e-01
  9.80769172e-02 -2.51041144e-01 -2.56105494e-02 -3.08006201e-02
  1.12123013e-01 -7.44481618e-03  1.04961820e-01  3.18586528e-02
 -9.63497236e-02 -1.17007568e-01  2.02240080e-01  2.56750762e-01
 -1.48487180e-01 -2.21433211e-02  6.21740408e-02  2.97715902e-01
 -4.69253600e-01 -1.09030001e-01  1.51567861e-01  3.29682864e-02
  6.60414919e-02  2.77265310e-02 -2.98789501e-01 -2.54859239e-01
 -6.56647235e-03  1.00998450e-02 -1.43725425e-01  6.66869283e-02
  6.60940930e-02  9.98909678e-03  2.41884843e-01 -1.22883752e-01
 -5.72685413e-02  1.38135180e-01 -1.58707313e-02 -4.80133265e-01
 -2.52665896e-02 -9.33681875e-02 -4.66187857e-02  2.74225529e-02
 -2.22352475e-01 -7.03013539e-02 -2.07381934e-01 -5.91354892e-02
 -4.55968045e-02 -5.30580804e-02 -1.90046147e-01  1.23602137e-01
  9.87484306e-02  3.03799003e-01 -3.35103035e-01 -1.17949679e-01
 -1.80112831e-02 -1.34818032e-01 -1.52917877e-01 -2.61387993e-02
 -3.86699028e-02  2.03084961e-01  2.88397878e-01 -4.95750606e-02
 -8.13754871e-02  1.47197351e-01 -1.53245792e-01 -8.31292719e-02
  4.58006710e-01 -2.93014999e-02 -4.07611161e-01 -2.73548514e-02
 -9.95064750e-02 -1.46612987e-01 -8.29015672e-03  1.63256034e-01
 -2.55424172e-01  2.31023416e-01  4.00573993e-03  2.62425154e-01
  1.86442733e-01 -3.07607859e-01  2.46304944e-01  9.57331527e-03
 -1.17361866e-01  1.52319863e-01 -7.97952786e-02  6.15967158e-03
 -2.84895953e-02  2.15618163e-01  1.10508509e-01  2.11497307e-01
 -2.37672448e-01  6.45740852e-02  1.33970782e-01 -1.37031507e-02
  1.64660662e-01 -6.11052252e-02  1.38984352e-01  1.08843390e-02
 -1.48782609e-02 -3.20640095e-02 -5.45904459e-03  2.09685788e-01
  1.33162245e-01  1.54152602e-01 -1.72467828e-01  6.82794973e-02
  1.22748509e-01  1.82764381e-01  1.16603911e-01 -1.98808275e-02]",Hard,0.6576260701993237,0.3423739298006758
cpl,CPL-TIF-09,6,4,mampu berkontribusi dalam meningkatkan pemberdayaan masyarakat berbasis pengetahuan di bidang teknik informatika melalui penerapan keilmuan pemenuhan prinsipprinsip etika dan pengembagan ilmu pengetahuan dan teknologi informasi penelitian untuk menjawab kebutuhan masyarakat dalam mengatasi permasalahannya 3,berkontribusi meningkatkan pemberdayaan masyarakat berbasis pengetahuan bidang teknik informatika penerapan keilmuan pemenuhan prinsipprinsip etika pengembagan ilmu pengetahuan teknologi informasi penelitian kebutuhan masyarakat mengatasi permasalahannya,"[-0.01382813  0.05572849 -0.30383846 -0.19987443 -0.13590597  0.09920099
 -0.20734684  0.24676141  0.09761573  0.34760332 -0.00681113  0.31032482
  0.19520876  0.00899148  0.12424164  0.08383254 -0.13294613 -0.07701384
 -0.08780934  0.03467003 -0.24202977 -0.10288613  0.14849046 -0.1913462
 -0.44774494  0.05387057 -0.22234029 -0.25752515  0.07270647  0.0401378
  0.2895778  -0.01862741  0.3926881   0.16143411 -0.29762825  0.0538899
 -0.00845867  0.065661    0.0551246   0.04163692 -0.17211185 -0.16035385
  0.09760789 -0.00346195 -0.03057503  0.08216105 -0.05788964 -0.00282708
 -0.09022927 -0.3453632  -0.20452015 -0.1417037  -0.2126583   0.02118677
  0.04096156  0.06703988 -0.00875003  0.0777947  -0.23407622 -0.15732713
  0.3384621  -0.12329991  0.01436979  0.1928266   0.29908553  0.10233459
 -0.02161451  0.36398056 -0.09783132 -0.3984404  -0.11686244  0.06922148
  0.04150956  0.20767766  0.06109129 -0.04675092 -0.12729345 -0.19511527
  0.18636605  0.00854277  0.26237926  0.3358966   0.11503531  0.15754332
  0.00068591  0.1080755  -0.06990243 -0.11472221  0.00110913 -0.08090275
  0.18006842  0.15015253  0.03765866 -0.17391032  0.24020489 -0.08895227
 -0.03651863 -0.27282986 -0.11917276  0.26257226 -0.3098396   0.03580968
 -0.15901202 -0.43392354  0.27783218  0.04100157  0.01290666 -0.18957771
  0.05035788  0.10015318  0.17559329 -0.11653877 -0.24166724 -0.0385515
  0.17619859  0.11490829  0.04459669  0.00063837  0.10613348  0.00308894
  0.17804094 -0.15735784  0.08173989 -0.05034842  0.28739128  0.03419343
  0.13145226  0.02065176 -0.3520976   0.06498059  0.22754383 -0.13176478
 -0.15636772  0.04841797 -0.04603136  0.0410927   0.14400515 -0.0885346
  0.1426323   0.18622524  0.09097707  0.10839699  0.25215465 -0.03301533
 -0.17435482  0.10693357  0.18128106 -0.29451776  0.26377502 -0.24052379
  0.2745504   0.01971551  0.16280815 -0.05555682  0.14033395 -0.00102672
  0.31228402 -0.06899466 -0.00136425  0.04424741  0.05558361 -0.05062462
  0.2227121   0.02916233  0.01637802 -0.3074101   0.09898804 -0.22395413
  0.0990212   0.03606374  0.34432873 -0.20068318 -0.07755752  0.1776294
  0.16287145 -0.10376193 -0.09622542  0.04739283  0.12939736 -0.10442692
  0.40885487 -0.3930838   0.06180729  0.06891762 -0.06159522 -0.19577739
 -0.0903253   0.04966041 -0.20909525 -0.01957653  0.08400973  0.13774383
  0.25601643 -0.16594689  0.20418067 -0.3149152   0.15446179 -0.02311269
 -0.15466656  0.05386585 -0.3639199  -0.04454434 -0.35058966 -0.05604891
 -0.1424945  -0.0362475   0.1860728   0.21352138 -0.03993691  0.16387852
  0.03849027  0.1167151  -0.10268273 -0.0417158  -0.05479977 -0.01426554
 -0.16390835  0.20204014  0.2685132   0.03615004 -0.18383557  0.11115472
 -0.04983214 -0.01633074 -0.45194197  0.03629006 -0.36887866  0.11192977
  0.2613231   0.04646738 -0.4030825  -0.15847923  0.11326046  0.10447305
 -0.2061285  -0.16411503 -0.02155528  0.04717854 -0.04641683 -0.06570695
 -0.16142838 -0.02594981 -0.20106614  0.01043714  0.1249248   0.09839379
 -0.2094367  -0.2552046   0.1530273   0.1262378  -0.20091683 -0.22338332
  0.26098675 -0.05452963  0.04571081 -0.11217659 -0.06415326 -0.17919043
 -0.1407159   0.24733059  0.28622144 -0.37634343 -0.09955448  0.15890615
  0.23906323  0.09470725 -0.3782381   0.03447701 -0.08374242  0.18414585
 -0.20461805  0.23376165  0.13867053 -0.10769395  0.4595709  -0.15546294
  0.08403162 -0.40938255  0.07937404  0.22327667 -0.05882795 -0.02797311
 -0.3181539   0.06301957  0.00683309  0.03843072  0.00473059  0.10247345
 -0.17017145  0.10495768  0.18847743  0.23959304 -0.26251057  0.00280565
  0.25505632  0.02325111 -0.03159457 -0.3957541  -0.11418193  0.0375494
  0.16035199  0.13187756 -0.09650961 -0.04999945  0.07458135 -0.11413707
  0.11461289  0.02102399 -0.24370317  0.05829633  0.1022627  -0.3819085
 -0.07858348 -0.01882254 -0.4194556  -0.16205506 -0.23147337 -0.00754619
  0.02310064 -0.05090217  0.10001008  0.11678882  0.10556179 -0.01798206
  0.07853862  0.17075157 -0.1055788   0.2091719  -0.08255739 -0.11791161
 -0.13853408 -0.00338452 -0.02939929  0.07238536  0.23038064 -0.10208876
 -0.05991358 -0.06631227  0.09038869  0.01059545  0.43735012  0.08486699
 -0.27633956  0.11869986  0.09576318  0.07678664  0.12690331  0.18064879
  0.16134956  0.06149699  0.0209595  -0.01388342 -0.05747763  0.08865298
  0.03798528 -0.2301771  -0.20283277 -0.09699537 -0.05605936 -0.01976552
 -0.1347608   0.20472687  0.10915638  0.18226276 -0.06333876  0.03840456
 -0.12027398  0.00103066 -0.05792873 -0.16804957 -0.04278814 -0.2343638
  0.16123608  0.04735298  0.09192848  0.09923542  0.19980873  0.21178906
 -0.14006275  0.00180828  0.01921955  0.02417684  0.05668135  0.2675787 ]",Hard,0.8797306181688995,0.12026938183110034
cpl,CPL-TIF-10,6,3,mampu meningkatkan kemampuan komunikasi efektif secara lisan dan tertulis dalam memberikan kontribusi manfaat yang positif bagi organisasi dengan memahami ketentuan hukum yang berlaku serta tatanannorma dalam masyarakat b,meningkatkan kemampuan komunikasi efektif lisan tertulis kontribusi manfaat positif organisasi memahami ketentuan hukum berlaku tatanannorma masyarakat b,"[ 0.07212796  0.05753763 -0.26366046 -0.12929915 -0.32874852  0.02950202
  0.08636995  0.25674573  0.01610209  0.21323518  0.02448697  0.1644844
  0.09839183  0.04027048  0.34066674  0.2293719   0.22637896  0.26136303
 -0.2637698  -0.17070158 -0.14388704  0.12705491  0.16315398  0.0807681
 -0.22516637 -0.01310239 -0.2948972  -0.07698794  0.00910894  0.0056582
 -0.10341051  0.05544979  0.19382398  0.11942606 -0.4006321   0.20896219
 -0.04948185  0.04606329  0.01154207 -0.13756049 -0.13562939  0.04739363
 -0.06446565  0.11536246 -0.2573213  -0.15291417 -0.01722428  0.1719622
 -0.46247643  0.04405582 -0.01605001 -0.22253732  0.03528967  0.2218098
 -0.01013066  0.14806598 -0.0792827   0.06902514 -0.230799   -0.06135968
  0.23858511 -0.06245398 -0.2183332   0.13469447  0.07907192  0.07201548
 -0.11398128  0.34774634 -0.29958266 -0.12080579 -0.16228129 -0.12852894
  0.11061515  0.07961904  0.0091884  -0.02273563 -0.19657357  0.07530505
  0.10085665 -0.114778    0.2718239   0.30463868 -0.03674671  0.13248421
 -0.22515641  0.18789582  0.11703587 -0.06775629  0.05592529 -0.10922744
  0.03764717  0.34632796  0.255536   -0.03706456 -0.02084469  0.00302031
  0.01333214 -0.15040457 -0.10961346  0.26218063  0.00877257  0.20128807
 -0.10878598 -0.46883908 -0.08874843  0.01435084  0.14625002 -0.09911299
 -0.20959038  0.03824349  0.00868054 -0.04780151 -0.21418157 -0.13489701
  0.02911775  0.2781858   0.10205636  0.04752254  0.35499808 -0.02059524
  0.0865619  -0.1394175  -0.04594833 -0.16211317  0.21312872  0.05275879
  0.0721804  -0.01351    -0.07341138  0.22726849  0.1279997   0.13083906
  0.16387759  0.1254608  -0.19022676 -0.0926097  -0.04895676 -0.0401779
 -0.09024405  0.01575999  0.32967848  0.16633579  0.19932432  0.13216133
 -0.07568017 -0.00477964  0.12667646 -0.21050051  0.20425087 -0.02942146
  0.11115547  0.15408368  0.18758127 -0.016471    0.02834165 -0.20562078
  0.02162609 -0.0158194   0.08799267 -0.01033014 -0.05972191  0.07318105
  0.19862005 -0.04626215 -0.10694454 -0.3609693   0.1745778  -0.13151398
 -0.00451467 -0.2153288   0.14520621 -0.02404531 -0.04751727  0.2012983
 -0.03500026 -0.15078814 -0.0254791   0.19150093 -0.08826565 -0.07685783
  0.21147871  0.03211769 -0.03269074  0.08014026 -0.17328136  0.13213141
 -0.16138843  0.12305982  0.06908613  0.19339757  0.08610257  0.0215131
  0.09092397 -0.18652777 -0.14352292 -0.2952934   0.19640796 -0.44187528
 -0.26504984  0.12478364 -0.25448367  0.16952929 -0.3300376   0.03676199
 -0.10579338 -0.01143175  0.39198062  0.02740159  0.04874514 -0.02937017
  0.00110245  0.12879908  0.03521844 -0.129645    0.10811552 -0.33897492
 -0.27088347  0.36404058 -0.06208131  0.16876113 -0.08628281 -0.03987244
  0.19197142 -0.31016734 -0.0963368   0.2991424  -0.34748903  0.01919423
 -0.09469787 -0.04997385 -0.12005012 -0.17845714  0.08991453 -0.01982103
 -0.33886927 -0.14122859 -0.06652682  0.09485864 -0.15045062 -0.21143302
  0.03119428 -0.03154163 -0.05900237 -0.18298192  0.11346758 -0.06185156
 -0.0814499   0.05195551 -0.0710575   0.08013754 -0.17173609 -0.35648566
  0.02294788  0.00997948  0.16260247 -0.08755258 -0.33509994  0.15031296
 -0.12533061 -0.0315567   0.37125346 -0.18522343 -0.06917532  0.3979148
  0.31118348 -0.07754364 -0.20982675 -0.00838721 -0.1630437   0.10591022
 -0.39235923 -0.18384029 -0.05896485 -0.00711774  0.30230713 -0.1367841
  0.08425671 -0.23737584  0.00388572  0.10224897  0.22938897 -0.3264635
 -0.13497688 -0.04195341 -0.01627729 -0.00779884 -0.02677978  0.01958598
  0.28696314  0.14514874  0.21091208 -0.08147269  0.29786682 -0.19609171
  0.12300203 -0.05899923 -0.10717887 -0.20635705 -0.07371145 -0.0387236
  0.12253088 -0.25418633 -0.32946366  0.07919981  0.13567542 -0.13726015
  0.08324051 -0.24560484  0.13929336  0.03788146  0.16456242 -0.23959085
  0.12364772  0.20532855 -0.17692895  0.15824264 -0.10043568 -0.13462651
 -0.10432209 -0.20737103  0.11191691  0.03881191 -0.17506537 -0.17879252
  0.01245855  0.08578612 -0.15215948 -0.10858017 -0.18040839 -0.07420209
 -0.15969092  0.04573026 -0.08840601 -0.25623125  0.27071115 -0.05395432
 -0.15666482 -0.14672871 -0.1368625   0.07747231  0.38440675  0.16477464
 -0.41129017  0.1104701  -0.07741697  0.04922223  0.09148543  0.26687297
 -0.2226689   0.14943859  0.01977663  0.29232654 -0.04756304 -0.0074674
 -0.04151657  0.00295931  0.03213051 -0.18125859  0.22099702 -0.05264816
  0.0226657   0.2830983   0.07925237  0.24673887  0.2016736  -0.08447684
 -0.10080157 -0.01653396  0.21523884  0.00599082  0.05173933 -0.13733675
  0.10369082  0.30871    -0.16209894 -0.06984349  0.33578566  0.29020432
  0.15584987  0.08306861  0.21174708  0.17219563  0.18597957  0.10003919]",Hard,0.5697016905636602,0.43029830943633973
cpl,CPL-TIF-11,6,4,mampu memberikan wawasan keilmuan dan keunggulan dalam bidang teknik informatika untuk berkarya melalui pengalaman kerja serta meningkatkan sikap dan mental kewirausahaan secara profesional,wawasan keilmuan keunggulan bidang teknik informatika berkarya pengalaman kerja meningkatkan sikap mental kewirausahaan profesional,"[ 1.54254377e-01  9.92576778e-02 -1.87665448e-02  1.25045832e-02
 -2.75695264e-01 -9.25181583e-02  2.53578156e-01  2.17697397e-01
 -3.05900932e-03  2.74008507e-05 -2.07658187e-02  2.90213302e-02
 -8.03086162e-03 -2.30532780e-01  3.01699460e-01  2.08840862e-01
  2.35625282e-02 -7.16180354e-02 -1.83172211e-01 -1.76134840e-01
 -2.33681530e-01 -3.30712348e-01  1.27300262e-01 -2.17517734e-01
 -4.29627746e-02  2.21478194e-01 -9.19611752e-02 -5.93414977e-02
  7.45948628e-02 -6.30317107e-02 -3.15864757e-02  5.93680106e-02
  1.43853486e-01  6.04388900e-02 -2.18331069e-01  3.63959700e-01
 -2.79616624e-01  1.27412602e-01  1.84749588e-01 -2.71006167e-01
 -7.23398030e-02 -9.69242305e-02  1.19157083e-01  9.53288823e-02
 -2.11657509e-01 -2.51632303e-01 -6.67422786e-02  3.84517722e-02
 -6.58350065e-02 -2.22266674e-01 -2.76110351e-01 -3.19486648e-01
  1.79184973e-01 -1.39594734e-01  7.93911815e-02  1.95524767e-01
  2.65690684e-01  1.09595701e-01 -3.24652910e-01  9.82860029e-02
  9.98435095e-02 -1.90461755e-01 -9.77674276e-02  5.98784983e-02
  3.05636376e-01 -5.65824509e-02 -1.65303841e-01  1.39050722e-01
 -2.04739347e-01 -2.15973809e-01  1.26521707e-01 -3.27005833e-01
 -1.32606909e-01  1.49295524e-01  1.62954330e-01  1.02548942e-01
 -2.06448548e-02 -1.36235580e-01  6.85950816e-02  7.82173276e-02
  2.50975430e-01  1.64381936e-01  5.49536087e-02  8.14465806e-03
 -8.07138979e-02  2.33244479e-01 -1.72370106e-01  3.13917100e-02
  1.70895562e-01  8.29863176e-02 -5.58436625e-02 -5.73281292e-03
 -2.08168387e-01 -3.72553393e-02  3.28851789e-01 -4.08382304e-02
 -3.59858312e-02 -8.67150798e-02 -1.80977270e-01  1.60600916e-01
 -1.21009417e-01  6.57300055e-02 -5.65793552e-02 -3.54839474e-01
 -3.48136551e-03  1.98239505e-01 -4.88797612e-02 -3.22395444e-01
 -1.61168575e-01 -7.02385232e-02  3.82750668e-02  5.15751503e-02
 -1.53647274e-01 -1.46330550e-01  9.89835635e-02  2.23534286e-01
 -1.88159332e-01  9.42170843e-02  2.83581465e-01  1.71923861e-01
  8.27818885e-02 -1.74936969e-02  1.83357120e-01  1.62413176e-02
  9.29965377e-02 -1.04905054e-01 -2.42877692e-01 -1.90091822e-02
 -3.12586218e-01  2.03612998e-01  2.84422547e-01  1.83609009e-01
  1.93891674e-01  2.18373179e-01  4.82632220e-02 -4.73608300e-02
  6.07974418e-02 -1.03051186e-01 -7.94007331e-02  2.82517791e-01
  4.20903452e-02  3.03109229e-01  3.73737872e-01 -1.04863316e-01
 -2.25340426e-01  1.32594675e-01  5.64936176e-02 -1.71168610e-01
  1.46303117e-01 -9.20201689e-02 -8.39938000e-02  1.58073574e-01
  2.41925731e-01  5.56524955e-02  8.07372108e-02  1.16544724e-01
  7.91378468e-02 -6.05798960e-02 -1.62562981e-01  2.09909171e-01
 -1.70728981e-01 -1.47497341e-01  1.22981623e-01  7.30890334e-02
 -2.63339002e-02 -1.85224965e-01  1.26302421e-01 -9.81304720e-02
 -4.63416278e-02 -2.71417517e-02  6.90911189e-02 -3.09568271e-02
 -8.23090076e-02 -1.29157707e-01  4.33529839e-02 -1.97112441e-01
  9.97525007e-02  3.10929656e-01  3.66001204e-02 -1.52456433e-01
  6.73913121e-01 -1.76436365e-01  2.48666741e-02 -2.12714791e-01
  9.21417326e-02  1.28876969e-01 -1.89924352e-02  1.44908905e-01
 -1.47418320e-01  1.54897332e-01 -2.31639102e-01  2.96870768e-01
  1.47732362e-01 -1.94080696e-01  1.27028883e-01 -1.87079329e-02
  3.51595789e-01 -7.78633952e-02 -8.92555043e-02  1.98650658e-01
 -2.51332104e-01 -9.39969420e-02 -3.40068907e-01  2.64481828e-02
 -1.42483160e-01  7.22304657e-02  1.57070056e-01  2.92542964e-01
  3.19751292e-01  1.72733352e-01 -1.37729701e-02 -6.74477071e-02
  8.21255147e-02 -4.44863783e-03 -6.77969912e-03 -2.42196202e-01
 -2.91525006e-01  2.21587867e-01 -1.57008525e-02  5.44951931e-02
 -4.94250879e-02  1.94361120e-01 -4.40911591e-01 -3.32083330e-02
 -3.81906331e-01 -9.95112211e-03  1.91685918e-03  6.34311214e-02
  1.36187822e-01 -1.87581927e-01 -2.16867216e-02 -8.34902376e-02
  1.04006482e-02  1.31015331e-01 -2.79848814e-01  1.15317339e-03
  2.31024012e-01 -1.02410488e-01 -4.48367625e-01 -1.47992326e-02
 -1.47957802e-02 -1.54654279e-01 -3.34343314e-02  7.21862074e-03
  3.76843274e-01  1.53556526e-01 -2.03908116e-01 -3.74135673e-01
 -2.30248831e-02 -8.77555634e-04 -1.73519656e-01 -2.45263964e-01
  5.05625969e-03 -2.01408789e-01  2.16119826e-01  5.17562479e-02
 -2.13196188e-01  7.38289431e-02  8.69112238e-02  2.49620453e-01
  1.57187611e-01 -4.77435797e-01  1.76239684e-01 -2.68115327e-02
  3.77015322e-02 -1.93554070e-02 -1.02900952e-01 -6.00173287e-02
  2.42936201e-02  2.03616731e-02 -2.31877744e-01  7.74273127e-02
  2.03509815e-02 -5.57527542e-02  1.47377074e-01 -2.67994285e-01
  2.80400086e-02 -4.20329511e-01  7.45328441e-02 -1.36356011e-01
  1.31610438e-01 -2.03636795e-01 -6.13576509e-02  1.16002381e-01
 -6.39406964e-02 -2.57735252e-01  3.49845111e-01  2.72337824e-01
 -1.23360932e-01 -1.66765449e-03  8.39973539e-02  3.81613851e-01
 -4.25335050e-01  4.25171852e-03  1.42650411e-01  1.07216097e-01
 -1.78562164e-01 -1.01949461e-01 -3.44870806e-01  9.51941032e-03
  1.92793623e-01  4.14250344e-02 -2.36390725e-01  2.73370091e-02
  3.74406949e-02 -2.55175292e-01  6.42173141e-02 -1.79963186e-02
 -7.24018589e-02  3.06966007e-01 -2.33938441e-01 -2.57471263e-01
 -3.48065197e-02 -1.22676410e-01 -3.57259184e-01 -1.67731240e-01
 -1.90602377e-01  1.23582765e-01 -9.32433829e-02  9.48769972e-03
 -7.95066655e-02 -9.53600183e-03  1.09552525e-01 -1.27449632e-01
  2.01662973e-01  1.47336364e-01 -1.70359150e-01  1.34462714e-01
 -2.09236830e-01 -1.29765630e-01 -1.58670574e-01 -7.59438425e-02
 -9.82722342e-02  1.82429999e-01  3.64873320e-01  8.09203163e-02
  1.66537985e-02  2.42232054e-01  1.55904278e-01 -7.28911832e-02
  6.90941989e-01  1.32013395e-01 -3.10809135e-01  1.68077812e-01
 -1.42720312e-01  5.48614785e-02 -6.90013468e-02  1.97448000e-01
 -1.46637008e-01  6.68276697e-02 -1.60679743e-01  2.34230846e-01
  1.68815807e-01 -1.43872410e-01  1.87419146e-01 -1.74019858e-01
 -1.54943317e-01  1.02729648e-01 -7.70285055e-02  6.55828416e-02
 -4.03237715e-02  1.26668260e-01  6.80861920e-02  2.47059405e-01
 -7.04718977e-02  3.12385280e-02 -1.18909128e-01  4.35002819e-02
  1.89136937e-02 -1.12316675e-01  7.35604167e-02  1.04473092e-01
  7.90207414e-04  5.60539775e-02  1.84480473e-02  2.19209522e-01
  1.11968175e-01  9.34662446e-02 -1.83192745e-01  5.94838560e-02
  2.13364512e-01  1.97654054e-01 -2.21607685e-02  5.81026450e-02]",Hard,0.7386626491396848,0.26133735086031473
