course_name,course_skill_category,alignment_label,top_k_average_similarity,best_similarity,best_match_overall_industry_competency,best_match_overall_similarity,matched_industry_competencies_count,top_k_matched_industry_competencies,top_k_matched_similarities,matched_domain_ids
Algoritma & Pemrograman,Hard,Aligned,0.68,0.6947,memahami konsep dasar pemrograman understand basic programming concepts,0.6947,5,"memahami konsep dasar pemrograman understand basic programming concepts | kelancaran dalam mengembangkan dan memahami diagram urutan, model kelas, dll. fluency in developing and understanding sequence diagrams, class models, etc. | pemahaman dasar logika pemrograman untuk berkolaborasi dengan tim teknik basic understanding of programming logic to collaborate with engineering teams | pemahaman yang baik tentang konsep pemrograman dasar seperti pola desain, struktur data, dan algoritma good understanding of fundamental programming concepts such as design patterns, data structures, and algorithms | mampu memahami logika desain proses dan menunjukkan pemikiran inovatif able to understand process design logic and demonstrate innovative thinking",0.6947 | 0.6826 | 0.678 | 0.6741 | 0.6704,106 | 58 | 106 | 107 | 80
Pemrograman Visual,Hard,Aligned,0.6841,0.7311,kursus pemrograman komputer computer programming courses,0.7311,5,kursus pemrograman komputer computer programming courses | pemahaman dasar konsep pemrograman (pelatihan diberikan) basic understanding of programming concepts (training provided) | memahami konsep dasar pemrograman understand basic programming concepts | memahami program desain visual understand visual design programs | menulis kode untuk mengimplementasikan elemen visual tersebut ke dalam berbagai aplikasi web write code to implement those visual elements into various web applications,0.7311 | 0.7139 | 0.7066 | 0.6527 | 0.616,106 | 106 | 106 | 58 | 98
Kalkulus 1,Hard,Not Aligned,0.5696,0.5926,"kelancaran dalam mengembangkan dan memahami diagram urutan, model kelas, dll. fluency in developing and understanding sequence diagrams, class models, etc.",0.5926,5,"kelancaran dalam mengembangkan dan memahami diagram urutan, model kelas, dll. fluency in developing and understanding sequence diagrams, class models, etc. | memahami dasar understand the basics | deskripsi fungsi function descriptions | memahami konsep dasar pemrograman understand basic programming concepts | pemahaman dasar konsep pemrograman (pelatihan diberikan) basic understanding of programming concepts (training provided)",0.5926 | 0.5727 | 0.5659 | 0.5621 | 0.5547,58 | 58 | 109 | 106 | 106
Aljabar Linear,Hard,Not Aligned,0.5383,0.5777,"kelancaran dalam mengembangkan dan memahami diagram urutan, model kelas, dll. fluency in developing and understanding sequence diagrams, class models, etc.",0.5777,5,"kelancaran dalam mengembangkan dan memahami diagram urutan, model kelas, dll. fluency in developing and understanding sequence diagrams, class models, etc. | latar belakang matematika atau bidang serupa a background in mathematics or similar field | memahami konsep dasar pemrograman understand basic programming concepts | memiliki pengetahuan dasar paradigma pemrograman (pemrograman terstruktur/berorientasi objek) having basic knowledge of programming paradigm (structured / object oriented programming) | pemahaman dasar konsep pemrograman (pelatihan diberikan) basic understanding of programming concepts (training provided)",0.5777 | 0.5441 | 0.5321 | 0.5204 | 0.5171,58 | 54 | 106 | 191 | 106
Metodologi Penelitian dan Ilmiah,Hard,Aligned,0.6362,0.6605,melakukan penelitian untuk membantu mengembangkan ide. carry out research to help develop ideas.,0.6605,5,"melakukan penelitian untuk membantu mengembangkan ide. carry out research to help develop ideas. | berkontribusi pada penelitian dan pengembangan ide proyek dengan melakukan studi pendahuluan, tinjauan literatur, dan analisis. contribute to the research and development of project ideas by conducting preliminary studies, literature reviews, and analysis. | kemampuan untuk menerapkan pemikiran terstruktur dan metode ilmiah pada masalah. ability to apply structured thinking and scientific methods to problems. | merancang panduan diskusi untuk memastikan panduan tersebut menghasilkan temuan yang bermakna dan dapat ditindaklanjuti design discussion guides to ensure they prompt meaningful findings and are actionable | akrab dengan pengujian kegunaan, heuristik, dan menafsirkan wawasan penelitian. familiar with usability testing, heuristics, and interpreting research insights.",0.6605 | 0.6433 | 0.6291 | 0.6272 | 0.6209,166 | 180 | 146 | 72 | 140
Statistika,Hard,Not Aligned,0.5657,0.5711,kursus pemrograman komputer computer programming courses,0.5711,5,"kursus pemrograman komputer computer programming courses | pemahaman dasar konsep pemrograman (pelatihan diberikan) basic understanding of programming concepts (training provided) | kelancaran dalam mengembangkan dan memahami diagram urutan, model kelas, dll. fluency in developing and understanding sequence diagrams, class models, etc. | memahami konsep dasar pemrograman understand basic programming concepts | pemahaman tentang kebutuhan dan karakteristik akademik, sosial dan perilaku siswa tingkat tinggi. understanding of academic, social and behavioral needs and characteristics of high level student.",0.5711 | 0.5675 | 0.5664 | 0.5651 | 0.5584,106 | 106 | 58 | 106 | 106
Sistem Basis Data,Hard,Aligned,0.6262,0.6351,"pemahaman komprehensif tentang sistem dan arsitektur datanya, termasuk kerangka pengembangan, proses, sistem dan struktur data comprehensive understanding of it systems and data architecture, including development frameworks, processes, system and data structures",0.6351,5,"pemahaman komprehensif tentang sistem dan arsitektur datanya, termasuk kerangka pengembangan, proses, sistem dan struktur data comprehensive understanding of it systems and data architecture, including development frameworks, processes, system and data structures | merancang skema database dan model data yang mendukung fitur aplikasi. designing database schemas and data models that support application features. | pengalaman pengembangan dan implementasi basis data. database development and implementation experience. | desain dan kueri basis data (erd) database design and query (erd) | pemahaman konsep dasar database (query sql sederhana). understanding of basic database concepts (simple sql queries).",0.6351 | 0.6271 | 0.6263 | 0.6219 | 0.6206,112 | 110 | 112 | 107 | 110
LAN and Wireless,Hard,Aligned,0.6741,0.6951,"memahami konsep jaringan komputer (tcp/ip, routing, switching, vlan, firewall). understand computer network concepts (tcp/ip, routing, switching, vlan, firewall).",0.6951,5,"memahami konsep jaringan komputer (tcp/ip, routing, switching, vlan, firewall). understand computer network concepts (tcp/ip, routing, switching, vlan, firewall). | memahami teknik jaringan (tcp/ip, routing & switch, jaringan nirkabel, jaringan bridging, keamanan, f5, fortigate, aruba) understand network engineering (tcp/ip, routing & switch, wireless network, bridging network, security, f5, fortigate, aruba) | memahami dasar jaringan komputer (lan, wan, tcp/ip, router, switch). understand the basics of computer networks (lan, wan, tcp/ip, router, switch). | pemahaman dasar tentang konsep jaringan (pengalamatan ip, dns, konektivitas). basic understanding of networking concepts (ip addressing, dns, connectivity). | pemahaman dasar tentang konektivitas jaringan dan dukungannya (tingkat non-rekayasa). basic understanding of network connectivity and it support (non-engineering level).",0.6951 | 0.6911 | 0.6715 | 0.657 | 0.6559,14 | 191 | 14 | 102 | 191
Pemrograman Berorientasi Objek,Hard,Aligned,0.6654,0.6781,memahami konsep dasar pemrograman understand basic programming concepts,0.6781,5,"memahami konsep dasar pemrograman understand basic programming concepts | pemahaman yang kuat tentang prinsip dan pola desain pemrograman berorientasi objek (oop). solid grasp of object-oriented programming (oop) principles and design patterns | memiliki pengetahuan dasar paradigma pemrograman (pemrograman terstruktur/berorientasi objek) having basic knowledge of programming paradigm (structured / object oriented programming) | pemahaman dasar konsep pemrograman (pelatihan diberikan) basic understanding of programming concepts (training provided) | pemahaman yang kuat tentang pemrograman berorientasi objek, konkurensi, dan dasar-dasar ilmu komputer. strong understanding of object-oriented programming, concurrency, and computer science fundamentals.",0.6781 | 0.6738 | 0.6738 | 0.6654 | 0.6357,106 | 105 | 191 | 106 | 105
Kalkulus 2,Hard,Not Aligned,0.5581,0.6151,"membuat dan menyebarkan kursus online, termasuk pengunggahan konten, pembuatan modul kursus, dan penyediaan alat penilaian (kuis, ujian, tugas). create and deploy online courses, including content uploads, course module creation, and providing assessment tools (quizzes, exams, assignments).",0.6151,5,"membuat dan menyebarkan kursus online, termasuk pengunggahan konten, pembuatan modul kursus, dan penyediaan alat penilaian (kuis, ujian, tugas). create and deploy online courses, including content uploads, course module creation, and providing assessment tools (quizzes, exams, assignments). | kelancaran dalam mengembangkan dan memahami diagram urutan, model kelas, dll. fluency in developing and understanding sequence diagrams, class models, etc. | kursus pemrograman komputer computer programming courses | melakukan proses penjadwalan yang efektif untuk kelas online, ujian mata kuliah dan ujian tesis pada tahun akademik terkait conduct effective scheduling process for online class, course examination and thesis defense in related academic year | dapat memahami instruksi dengan mudah able to understand instructions easily",0.6151 | 0.577 | 0.5512 | 0.528 | 0.5195,106 | 58 | 106 | 106 | 58
Kewirausahaan Berbasis Teknologi,Hard,Aligned,0.6135,0.6238,merancang panduan diskusi untuk memastikan panduan tersebut menghasilkan temuan yang bermakna dan dapat ditindaklanjuti design discussion guides to ensure they prompt meaningful findings and are actionable,0.6238,5,"merancang panduan diskusi untuk memastikan panduan tersebut menghasilkan temuan yang bermakna dan dapat ditindaklanjuti design discussion guides to ensure they prompt meaningful findings and are actionable | mampu memahami logika desain proses dan menunjukkan pemikiran inovatif able to understand process design logic and demonstrate innovative thinking | seorang pemikir kreatif dengan kemampuan menerjemahkan ide kurikulum abstrak menjadi visual yang menarik. a creative thinker with the ability to translate abstract curriculum ideas into engaging visuals. | membantu guru dalam melakukan percobaan, jika diinstruksikan. assist teachers in conducting experiments, if instructed. | berorientasi pada detail dan mau belajar. detail-oriented and willing to learn.",0.6238 | 0.6235 | 0.6088 | 0.6058 | 0.6054,72 | 80 | 106 | 72 | 72
E Business dan Pemrograman Berbasis Web,Hard,Aligned,0.6581,0.6726,memahami dan menguasai dasar-dasar pengembangan aplikasi web. understand and master the basics of web application development.,0.6726,5,memahami dan menguasai dasar-dasar pengembangan aplikasi web. understand and master the basics of web application development. | kursus pemrograman komputer computer programming courses | memahami konsep dasar pemrograman understand basic programming concepts | mempelajari dan menerapkan pengetahuan mereka tentang cara merancang produk perangkat lunak (seluler atau situs web). learn and apply their knowledge on how to design the software (mobile or website) product. | kursus pengembangan web web development courses,0.6726 | 0.6648 | 0.6526 | 0.6504 | 0.65,71 | 106 | 106 | 101 | 102
Rekayasa Perangkat Lunak,Hard,Aligned,0.7048,0.7328,memahami konsep rekayasa perangkat lunak. understand the concept of software engineering.,0.7328,5,memahami konsep rekayasa perangkat lunak. understand the concept of software engineering. | memahami konsep dasar pemrograman understand basic programming concepts | pemahaman dasar konsep pemrograman (pelatihan diberikan) basic understanding of programming concepts (training provided) | mempelajari dan menerapkan pengetahuan mereka tentang cara merancang produk perangkat lunak (seluler atau situs web). learn and apply their knowledge on how to design the software (mobile or website) product. | pemahaman yang baik tentang konsep rekayasa perangkat lunak. good understanding of software engineering concepts.,0.7328 | 0.7033 | 0.6974 | 0.6969 | 0.6934,163 | 106 | 106 | 101 | 163
Magang,Hard,Not Aligned,0.5969,0.6237,berorientasi pada detail dan mau belajar. detail-oriented and willing to learn.,0.6237,5,berorientasi pada detail dan mau belajar. detail-oriented and willing to learn. | memahami dasar understand the basics | program ini bertujuan untuk memberikan kesempatan kepada mahasiswa dalam This program aims to provide opportunities for students in | pengalaman membuat laporan rinci dan memberikan presentasi experience creating detailed reports and giving presentations | pengalaman membuat laporan rinci dan memberikan presentasi. experience creating detailed reports and giving presentations.,0.6237 | 0.6195 | 0.6067 | 0.5696 | 0.565,72 | 58 | 106 | 31 | 31
Etika Profesi dan Hak Kekayaan Intelektual,Hard,Not Aligned,0.5372,0.6521,"ketelitian & etika penelitian: menunjukkan keahlian dalam merancang dan mengelola proyek penelitian (studi kuantitatif, kualitatif, epidemiologi, atau klinis) dengan ketelitian metodologis dan kepatuhan etika penuh. research rigor & ethics: demonstrated expertise in designing and managing research projects (quantitative, qualitative, epidemiological, or clinical studies) with methodological rigor and full ethical compliance.",0.6521,5,"ketelitian & etika penelitian: menunjukkan keahlian dalam merancang dan mengelola proyek penelitian (studi kuantitatif, kualitatif, epidemiologi, atau klinis) dengan ketelitian metodologis dan kepatuhan etika penuh. research rigor & ethics: demonstrated expertise in designing and managing research projects (quantitative, qualitative, epidemiological, or clinical studies) with methodological rigor and full ethical compliance. | peretasan etis. ethical hacking. | etika tempat kerja workplace ethics | mahasiswa akhir teknologi informasi, sistem informasi, ilmu komputer, atau bidang terkait final student information technology, information system, computer science, or related field | pendidikan sarjana di bidang teknologi informasi, sistem informasi, teknik komputer, atau bidang terkait. undergraduate education in information technology, information systems, computer engineering, or related field.",0.6521 | 0.5266 | 0.5163 | 0.4963 | 0.4946,54 | 122 | 106 | 106 | 106
Sirkuit Elektronik,Hard,Not Aligned,0.5688,0.5806,memahami dasar mekanik dan elektrikal understand basic mechanics and electrical,0.5806,5,memahami dasar mekanik dan elektrikal understand basic mechanics and electrical | menguasai teknik kelistrikan dan prinsip-prinsip ketenagalistrikan proficiency in electrical engineering and electricity principles | memahami konsep kelistrikan understand electrical concepts | memahami rangkaian dasar listrik mesin understand the basic electrical circuits of machines | menulis dokumentasi teknis dan unit test. wrote technical documentation and unit tests.,0.5806 | 0.5745 | 0.5731 | 0.5642 | 0.5516,82 | 27 | 82 | 58 | 140
Matematika Diskrit,Hard,Aligned,0.6225,0.6649,"kelancaran dalam mengembangkan dan memahami diagram urutan, model kelas, dll. fluency in developing and understanding sequence diagrams, class models, etc.",0.6649,5,"kelancaran dalam mengembangkan dan memahami diagram urutan, model kelas, dll. fluency in developing and understanding sequence diagrams, class models, etc. | memahami konsep dasar pemrograman understand basic programming concepts | logika pemrograman yang baik dan perhatian terhadap detail good programming logic and attention to detail | ⁠ ⁠teliti, detail-oriented, dan memiliki kemampuan menyusun cerita dengan logika yang runtut. ⁠ ⁠thorough, detail-oriented, and has the ability to compose stories with coherent logic. | pemahaman dasar logika pemrograman untuk berkolaborasi dengan tim teknik basic understanding of programming logic to collaborate with engineering teams",0.6649 | 0.6213 | 0.6159 | 0.6095 | 0.601,58 | 106 | 106 | 31 | 106
Konsep Sistem Informasi,Hard,Aligned,0.6149,0.6371,"memastikan basis pengetahuan, pedoman, dan buku pegangan terkini. ensure knowledge base, sops, and handbooks are current.",0.6371,5,"memastikan basis pengetahuan, pedoman, dan buku pegangan terkini. ensure knowledge base, sops, and handbooks are current. | memiliki pengetahuan dasar paradigma pemrograman (pemrograman terstruktur/berorientasi objek) having basic knowledge of programming paradigm (structured / object oriented programming) | di dalamnya disiplin ilmu. in it disciplines. | memberikan pelatihan pengetahuan it kepada user pengguna provide IT knowledge training to users | berkontribusi pada pelatihan dan panduan pengguna mengenai alat TI dasar dan praktik terbaik seiring berkembangnya peran tersebut contribute to user training and guidance on basic it tools and best practices as the role evolves",0.6371 | 0.622 | 0.6198 | 0.6033 | 0.5922,176 | 191 | 72 | 176 | 106
Pengantar Teknologi Informasi,Hard,Aligned,0.6934,0.6963,mahasiswa aktif informatika / sistem informasi / ilmu komputer Active student of informatics / information systems / computer science,0.6963,5,"mahasiswa aktif informatika / sistem informasi / ilmu komputer Active student of informatics / information systems / computer science | memahami basic it infrastruktur, software & hardware understand basic IT infrastructure, software & hardware | memahami dasar understand the basics | mahasiswa akhir teknologi informasi, sistem informasi, ilmu komputer, atau bidang terkait final student information technology, information system, computer science, or related field | mencari informasi untuk mempelajari tentang metodologi dan teknologi yang muncul seeking out information to learn about emerging methodologies and technologies",0.6963 | 0.6958 | 0.6921 | 0.6917 | 0.6912,106 | 67 | 58 | 106 | 176
Struktur Data,Hard,Not Aligned,0.5819,0.6277,"kelancaran dalam mengembangkan dan memahami diagram urutan, model kelas, dll. fluency in developing and understanding sequence diagrams, class models, etc.",0.6277,5,"kelancaran dalam mengembangkan dan memahami diagram urutan, model kelas, dll. fluency in developing and understanding sequence diagrams, class models, etc. | kursus pemrograman komputer computer programming courses | membuat dokumen terkait proyek (skenario pengujian, panduan pengguna, materi pelatihan, dll.). create project-related documents (testing scenario, user manual, training materials, etc.). | menerapkan operasi dasar/alat pemrograman, visualisasi data, dan ilmu data implement basic operations/tools of programming, data visualization, and data science | berkontribusi pada dokumentasi prosesnya, panduan pengguna, dan prosedur pemecahan masalah contribute to documentation of it processes, user guides, and troubleshooting procedures",0.6277 | 0.6264 | 0.5641 | 0.5481 | 0.543,58 | 106 | 181 | 138 | 127
Sistem Digital,Hard,Aligned,0.6116,0.6696,"digital systems dasar sistem digital, logika, dan rangkaian logika (gerbang, flip-flop, dll). digital systems basic digital systems, logic, and logic circuits (gates, flip-flops, etc.).",0.6696,5,"digital systems dasar sistem digital, logika, dan rangkaian logika (gerbang, flip-flop, dll). digital systems basic digital systems, logic, and logic circuits (gates, flip-flops, etc.). | kursus pemrograman komputer computer programming courses | mampu memahami logika desain proses dan menunjukkan pemikiran inovatif able to understand process design logic and demonstrate innovative thinking | mampu memberikan dukungan teknis untuk kegiatan studio dan kursus desain digital capable of providing technical support for studio activities and digital design courses | memiliki pengetahuan dasar tentang keterampilan pengkodean dan ilmu komputer dasar have a basic knowledge of coding skills and the fundamental computer science",0.6696 | 0.6255 | 0.5893 | 0.5877 | 0.586,173 | 106 | 80 | 173 | 105
Sistem Basis Data Lanjut,Hard,Aligned,0.7253,0.7438,"memiliki pemahaman dasar mengenai database, sql, dan konsep pemrograman. have a basic understanding of databases, SQL, and programming concepts.",0.7438,5,"memiliki pemahaman dasar mengenai database, sql, dan konsep pemrograman. have a basic understanding of databases, SQL, and programming concepts. | pemahaman konsep dasar database (query sql sederhana). understanding of basic database concepts (simple sql queries). | pemahaman yang kuat tentang sistem database, baik relasional dan nosql. solid understanding of database systems, both relational and nosql. | dapat memahami struktur database dan query dasar sql Can understand database structure and basic SQL queries | memahami konsep database relasional (mysql, postgresql, atau sejenis). understand relational database concepts (mysql, postgresql, or similar).",0.7438 | 0.7379 | 0.7192 | 0.7141 | 0.7115,110 | 110 | 100 | 112 | 107
Sistem Operasi,Hard,Aligned,0.7101,0.7466,"memahami sistem operasi, software , dan perangkat keras komputer. understand operating systems, software and computer hardware.",0.7466,5,"memahami sistem operasi, software , dan perangkat keras komputer. understand operating systems, software and computer hardware. | memiliki pemahaman dasar hardware, software, dan layanan it Have a basic understanding of hardware, software and IT services | pemahaman yang kuat tentang perangkat lunak dan sistem perangkat keras laboratorium komputer strong understanding of computer laboratory software and hardware systems | pemahaman dasar tentang perangkat keras komputer, perangkat lunak, dan jaringan basic understanding of computer hardware, software, and networking | pemahaman dasar tentang sistem komputer, jaringan, dan aplikasi perangkat lunak basic understanding of computer systems, networks, and software applications",0.7466 | 0.7132 | 0.709 | 0.6915 | 0.69,158 | 158 | 158 | 164 | 191
Data Communication,Hard,Aligned,0.6038,0.6197,"menerapkan operasi dasar/alat pemrograman, visualisasi data, dan ilmu data implement basic operations/tools of programming, data visualization, and data science",0.6197,5,"menerapkan operasi dasar/alat pemrograman, visualisasi data, dan ilmu data implement basic operations/tools of programming, data visualization, and data science | mahasiswa akhir teknologi informasi, sistem informasi, ilmu komputer, atau bidang terkait final student information technology, information system, computer science, or related field | membuat dan menyebarkan kursus online, termasuk pengunggahan konten, pembuatan modul kursus, dan penyediaan alat penilaian (kuis, ujian, tugas). create and deploy online courses, including content uploads, course module creation, and providing assessment tools (quizzes, exams, assignments). | kursus pemrograman komputer computer programming courses | pemahaman tentang arsitektur data, desain perangkat lunak, dan praktik pengkodean terbaik. understanding of data architecture, software design and best coding practices.",0.6197 | 0.6162 | 0.6005 | 0.5935 | 0.5889,138 | 106 | 106 | 106 | 107
Proses Sinyal Dijital,Hard,Not Aligned,0.4588,0.4879,kemampuan untuk mendokumentasikan dan memecahkan masalah kesalahan ability to document and troubleshoot errors,0.4879,5,"kemampuan untuk mendokumentasikan dan memecahkan masalah kesalahan ability to document and troubleshoot errors | berkontribusi pada dokumentasi prosesnya, panduan pengguna, dan prosedur pemecahan masalah contribute to documentation of it processes, user guides, and troubleshooting procedures | saran masukan pemecahan masalah yang terjadi pada pengembangan sistem aplikasi advice trouble shooting input occurred in the system development application | · berkontribusi pada dokumentasi prosesnya, panduan pengguna, dan prosedur pemecahan masalah · contribute to documentation of it processes, user guides, and troubleshooting procedures | mencatat bahan yang dipinjam oleh guru dan siswa keeping track of materials borrowed by teachers and students",0.4879 | 0.459 | 0.4541 | 0.4536 | 0.4391,82 | 127 | 71 | 188 | 72
Arsitektur dan Organisasi Komputer,Hard,Not Aligned,0.556,0.6217,"pengetahuan tentang arsitektur perangkat keras komputer, karakteristik, pemecahan masalah, dan teknik perbaikan knowledge of computer hardware architecture, characteristics, troubleshooting, and repair techniques",0.6217,5,"pengetahuan tentang arsitektur perangkat keras komputer, karakteristik, pemecahan masalah, dan teknik perbaikan knowledge of computer hardware architecture, characteristics, troubleshooting, and repair techniques | mendiagnosis dan memecahkan kesalahan perangkat lunak dan perangkat keras komputer diagnose and solve computer software and hardware faults | kursus pemrograman komputer computer programming courses | · berkontribusi pada dokumentasi prosesnya, panduan pengguna, dan prosedur pemecahan masalah · contribute to documentation of it processes, user guides, and troubleshooting procedures | menguasai troubleshooting hardware, software, dan jaringan dasar. master basic hardware, software and network troubleshooting.",0.6217 | 0.5637 | 0.5341 | 0.5314 | 0.5291,5 | 158 | 106 | 188 | 15
Informatika Sosial,Hard,Not Aligned,0.554,0.5902,"mahasiswa akhir teknologi informasi, sistem informasi, ilmu komputer, atau bidang terkait final student information technology, information system, computer science, or related field",0.5902,5,"mahasiswa akhir teknologi informasi, sistem informasi, ilmu komputer, atau bidang terkait final student information technology, information system, computer science, or related field | mahasiswa aktif informatika / sistem informasi / ilmu komputer Active student of informatics / information systems / computer science | pemahaman tentang kebutuhan dan karakteristik akademik, sosial dan perilaku siswa tingkat tinggi. understanding of academic, social and behavioral needs and characteristics of high level student. | pendidikan sarjana di bidang teknologi informasi, sistem informasi, teknik komputer, atau bidang terkait. undergraduate education in information technology, information systems, computer engineering, or related field. | membuat dan menyebarkan kursus online, termasuk pengunggahan konten, pembuatan modul kursus, dan penyediaan alat penilaian (kuis, ujian, tugas). create and deploy online courses, including content uploads, course module creation, and providing assessment tools (quizzes, exams, assignments).",0.5902 | 0.5568 | 0.5534 | 0.5379 | 0.5318,106 | 106 | 106 | 106 | 106
Leadership and Management for IT Engineer,Hard,Aligned,0.6335,0.6712,memahami kepemimpinan proyek understand project leadership,0.6712,5,"memahami kepemimpinan proyek understand project leadership | kepemimpinan & bimbingan: kemampuan untuk membimbing staf junior atau pekerja magang, menumbuhkan budaya praktik berbasis bukti dan pemecahan masalah secara proaktif. leadership & mentorship: ability to mentor junior staff or interns, fostering a culture of evidence-based practice and proactive problem-solving. | pelatihan, bimbingan, dan peran kepemimpinan proyek. training, mentorship, and project leadership roles. | menentukan ruang lingkup proyek, tujuan, dan kriteria keberhasilan. define project scope, objectives, and success criteria. | kepemimpinan & pelaksanaan proyek: mengambil kepemilikan dalam memobilisasi sumber daya internal, mengelola pemangku kepentingan, dan memimpin tim lintas fungsi untuk melaksanakan proyek digitalisasi berdampak tinggi tepat waktu dan sesuai anggaran. project leadership & delivery: take ownership of mobilizing internal resources,managing stakeholders,and leading cross- functional teams to deliver high- impact digitalization projects on time and within budget.",0.6712 | 0.6585 | 0.6435 | 0.6079 | 0.5865,33 | 33 | 106 | 106 | 144
Routing Protocols and Concepts,Hard,Aligned,0.653,0.7071,"berpengetahuan luas dalam routing, switching, dan jaringan dasar knowledgeable in routing, switching, and basic network",0.7071,5,"berpengetahuan luas dalam routing, switching, dan jaringan dasar knowledgeable in routing, switching, and basic network | memiliki pemahaman kuat konsep routing & switching protocol. have a strong understanding of routing & switching protocol concepts. | memahami teknik jaringan (tcp/ip, routing & switch, jaringan nirkabel, jaringan bridging, keamanan, f5, fortigate, aruba) understand network engineering (tcp/ip, routing & switch, wireless network, bridging network, security, f5, fortigate, aruba) | pemahaman yang kuat tentang routing/switching, firewall, teknologi vpn, dan sistem nirkabel. strong understanding of routing/switching, firewalls, vpn technologies, and wireless systems. | pemahaman dasar tentang perangkat jaringan (switch, router, access point) basic understanding of network devices (switches, routers, access points)",0.7071 | 0.6597 | 0.6463 | 0.6291 | 0.6228,191 | 102 | 191 | 102 | 152
Pengantar Intelejensi Artifisial,Hard,Aligned,0.6037,0.6143,"akrab dengan ai, visi komputer, konsep pembelajaran mesin, dan pemecahan masalah dasar. familiar with ai, computer vision, machine learning concepts, and basic troubleshooting.",0.6143,5,"akrab dengan ai, visi komputer, konsep pembelajaran mesin, dan pemecahan masalah dasar. familiar with ai, computer vision, machine learning concepts, and basic troubleshooting. | memiliki pengetahuan dasar tentang pembelajaran mesin dan analisis data having basic knowledge of machine learning and data analysis | - memiliki pemahaman troubleshooting perangkat & software, serta pengetahuan dasar jaringan - have an understanding of device & software troubleshooting, as well as basic network knowledge | mahasiswa aktif informatika / sistem informasi / ilmu komputer Active student of informatics / information systems / computer science | memahami dan menerapkan pengetahuan dalam ilmu data dan rekayasa perangkat lunak untuk menciptakan aplikasi AI yang efektif. understanding and applying knowledge in data science and software engineering to create effective ai applications.",0.6143 | 0.6058 | 0.6033 | 0.6027 | 0.5922,104 | 104 | 15 | 106 | 112
Pemodelan dan Simulasi Jaringan,Hard,Aligned,0.6118,0.6331,"pemahaman dasar tentang perangkat keras komputer, perangkat lunak, dan jaringan basic understanding of computer hardware, software, and networking",0.6331,5,"pemahaman dasar tentang perangkat keras komputer, perangkat lunak, dan jaringan basic understanding of computer hardware, software, and networking | pemahaman dasar tentang sistem komputer, jaringan, dan aplikasi perangkat lunak basic understanding of computer systems, networks, and software applications | memiliki pengetahuan dasar dalam jaringan computer. Have basic knowledge in computer networks. | pemahaman yang baik tentang dasar-dasar ilmu komputer, termasuk namun tidak terbatas pada algoritma, struktur data, jaringan. good understanding of computer science fundamentals, including but not limited to algorithm, data structure, network. | melakukan pembuktian konsep untuk solusi jaringan. conduct proof of concept for network solutions.",0.6331 | 0.6234 | 0.6082 | 0.5989 | 0.5956,164 | 191 | 191 | 100 | 191
Komunikasi Nirkabel,Hard,Not Aligned,0.5761,0.5896,"memahami teknik jaringan (tcp/ip, routing & switch, jaringan nirkabel, jaringan bridging, keamanan, f5, fortigate, aruba) understand network engineering (tcp/ip, routing & switch, wireless network, bridging network, security, f5, fortigate, aruba)",0.5896,5,"memahami teknik jaringan (tcp/ip, routing & switch, jaringan nirkabel, jaringan bridging, keamanan, f5, fortigate, aruba) understand network engineering (tcp/ip, routing & switch, wireless network, bridging network, security, f5, fortigate, aruba) | membuat dan menyebarkan kursus online, termasuk pengunggahan konten, pembuatan modul kursus, dan penyediaan alat penilaian (kuis, ujian, tugas). create and deploy online courses, including content uploads, course module creation, and providing assessment tools (quizzes, exams, assignments). | pengetahuan tentang konsep perangkat keras dan perangkat lunak nirkabel knowledge of wireless hardware and software concepts | memahami konsep telekomunikasi (terutama sistem telekomunikasi satelit/vsat) understand telecommunications concepts (especially satellite/vsat telecommunications systems) | keterampilan komunikasi yang sangat baik, mampu menjelaskan detail teknis dengan jelas kepada pemangku kepentingan non-teknis. excellent communication skills, able to explain technical details clearly to non-technical stakeholders.",0.5896 | 0.5769 | 0.5763 | 0.5713 | 0.5663,191 | 106 | 164 | 27 | 106
Sistem Terdistribusi,Hard,Not Aligned,0.5691,0.5785,kursus pemrograman komputer computer programming courses,0.5785,5,kursus pemrograman komputer computer programming courses | beberapa kemahiran dengan infrastruktur dan penerapan berbasis cloud. some proficiency with cloud-based infrastructure and deployments. | beberapa kemahiran dengan infrastruktur dan penerapan berbasis cloud. some proficiency with cloud -based infrastructure and deployments. | kursus pengembangan web web development courses | pengalaman langsung tentang administrasi infrastruktur cloud aws hands-on experience on aws cloud infrastructure administration,0.5785 | 0.5717 | 0.5708 | 0.5687 | 0.5557,106 | 186 | 186 | 102 | 186
Interpersonal Skill,Soft,Aligned,0.6594,0.67,keterampilan interpersonal yang baik good interpersonal skill,0.67,5,"keterampilan interpersonal yang baik good interpersonal skill | keterampilan interpersonal yang kuat dengan kemampuan membangun hubungan baik dengan audiens. strong interpersonal skills with the ability to build rapport with audiences. | keterampilan relasional; relational skills; | keterampilan interpersonal, komunikasi, dan pengaruh yang sangat baik serta kematangan pribadi. excellent interpersonal, communication, and influence skills and personal maturity. | keterampilan komunikasi dan interpersonal yang kuat, dengan pola pikir analitis dan mandiri. strong communication and interpersonal skills, with an analytical and self-driven mindset.",0.67 | 0.6652 | 0.6568 | 0.6549 | 0.65,43 | 82 | 43 | 43 | 82
Multimedia Systems,Hard,Not Aligned,0.5579,0.5814,"mahasiswa akhir teknologi informasi, sistem informasi, ilmu komputer, atau bidang terkait final student information technology, information system, computer science, or related field",0.5814,5,"mahasiswa akhir teknologi informasi, sistem informasi, ilmu komputer, atau bidang terkait final student information technology, information system, computer science, or related field | mahasiswa aktif informatika / sistem informasi / ilmu komputer Active student of informatics / information systems / computer science | pemahaman tentang streaming dan pemecahan masalah. understanding of streaming and troubleshooting. | memberikan dukungan teknis kepada pengguna film, termasuk instruktur dan pelajar. provide technical support to lms users, including instructors and learners. | memahami komputer, sistem jaringan, dan cctv understand computers, network systems, and cctv",0.5814 | 0.5727 | 0.5549 | 0.5412 | 0.5394,106 | 106 | 93 | 118 | 91
IT Project Management,Hard,Aligned,0.669,0.7411,memahami konsep itsm dan implementasinya dalam proyek. understand the concept of itsm and its implementation in projects.,0.7411,5,"memahami konsep itsm dan implementasinya dalam proyek. understand the concept of itsm and its implementation in projects. | membantu menentukan ruang lingkup dan tujuan proyek, melibatkan semua pemangku kepentingan terkait dan memastikan kelayakan teknis suatu proyek. help define the scope and objectives of the project, involve all relevant stakeholders and ensure the technical feasibility of a project. | detail-oriented dan rapi dalam administrasi proyek. detail-oriented and neat in project administration. | - pengetahuan tentang metodologi manajemen proyek (misalnya agile, devops, dll.) agile, devops, etc.) | kemampuan analitis dan manajemen proyek yang kuat, dengan pengetahuan mendalam tentang teknologi it dan penguasaan alat manajemen proyek (misalnya microsoft project, asana, trello, jira) Microsoft Project, Asana, Trello, Jira)",0.7411 | 0.6552 | 0.653 | 0.6481 | 0.6478,96 | 106 | 105 | 163 | 138
Wide Area Network (WAN),Hard,Aligned,0.6475,0.6659,pemahaman dasar tentang konektivitas jaringan dan dukungannya (tingkat non-rekayasa). basic understanding of network connectivity and it support (non-engineering level).,0.6659,5,"pemahaman dasar tentang konektivitas jaringan dan dukungannya (tingkat non-rekayasa). basic understanding of network connectivity and it support (non-engineering level). | paham jaringan, software, dan troubleshooting. understand networks, software, and troubleshooting. | mengembangkan sistem jaringan developing network systems | memahami teknik jaringan (tcp/ip, routing & switch, jaringan nirkabel, jaringan bridging, keamanan, f5, fortigate, aruba) understand network engineering (tcp/ip, routing & switch, wireless network, bridging network, security, f5, fortigate, aruba) | memahami client-server, konsep jaringan, pemecahan masalah komputer understand client-server, networking concept, computer troubleshooting",0.6659 | 0.6538 | 0.645 | 0.6404 | 0.6322,191 | 15 | 191 | 191 | 188
Sistem Informasi Manajemen,Hard,Aligned,0.6444,0.6504,"peran ini menawarkan peluang untuk membentuk cara bisnis beroperasi, memanfaatkan data, teknologi, dan kolaborasi lintas fungsi untuk mendorong kinerja berkelanjutan dan nilai jangka panjang. this role offers the opportunity to shape how the business operates, leveraging data, technology, and cross-functional collaboration to drive sustainable performance and long-term value.",0.6504,5,"peran ini menawarkan peluang untuk membentuk cara bisnis beroperasi, memanfaatkan data, teknologi, dan kolaborasi lintas fungsi untuk mendorong kinerja berkelanjutan dan nilai jangka panjang. this role offers the opportunity to shape how the business operates, leveraging data, technology, and cross-functional collaboration to drive sustainable performance and long-term value. | teknologi Informasi information technology | pengetahuan yang kuat tentang ekosistem CRM, erp, analitik, dan e-commerce dengan kemampuan untuk menghubungkan kebutuhan bisnis dengan solusi teknologi. strong knowledge of crm, erp, analytics, and e- commerce ecosystems with ability to connect business needs to technology solutions. | mahasiswa aktif informatika / sistem informasi / ilmu komputer Active student of informatics / information systems / computer science | melakukan desain dan peningkatan sistem informasi untuk memenuhi kebutuhan bisnis dan klien. perform design an upgrades of information system to meet the business and client needs.",0.6504 | 0.6456 | 0.6428 | 0.6425 | 0.6405,167 | 175 | 162 | 106 | 96
Tata Kelola Sistem Informasi,Hard,Aligned,0.6149,0.6371,"memastikan basis pengetahuan, pedoman, dan buku pegangan terkini. ensure knowledge base, sops, and handbooks are current.",0.6371,5,"memastikan basis pengetahuan, pedoman, dan buku pegangan terkini. ensure knowledge base, sops, and handbooks are current. | memiliki pengetahuan dasar paradigma pemrograman (pemrograman terstruktur/berorientasi objek) having basic knowledge of programming paradigm (structured / object oriented programming) | di dalamnya disiplin ilmu. in it disciplines. | memberikan pelatihan pengetahuan it kepada user pengguna provide IT knowledge training to users | berkontribusi pada pelatihan dan panduan pengguna mengenai alat TI dasar dan praktik terbaik seiring berkembangnya peran tersebut contribute to user training and guidance on basic it tools and best practices as the role evolves",0.6371 | 0.622 | 0.6198 | 0.6033 | 0.5922,176 | 191 | 72 | 176 | 106
Data Warehouse dan Mining,Hard,Aligned,0.7038,0.7473,memahami konsep gudang data understanding data warehouse concept,0.7473,5,"memahami konsep gudang data understanding data warehouse concept | pengetahuan dasar dalam konsep database & data warehouse basic knowledge in database & data warehouse concept | pengembangan gudang data. data warehouse development. | untuk mengawasi fungsi ilmu data, mendorong penerapan teknik analisis canggih dan pembelajaran mesin untuk mengekstrak wawasan yang dapat ditindaklanjuti dari kumpulan data yang kompleks dalam mengoptimalkan kinerja komersial dan operasional dengan meningkatkan perkiraan, personalisasi, dan pengambilan keputusan berdasarkan data dengan membangun kemampuan ilmu data yang kuat, memastikan penyampaian inisiatif bisnis strategis melalui solusi analitis yang inovatif dan fokus yang kuat pada dampak yang terukur. to oversee the data science function, driving the application of advanced analytical techniques and machine learning to extract actionable insights from complex datasets in optimizing commercial and operational performance by enhancing forecasting, personalization, and data-driven decision-making by establish a robust data science capability, ensuring the delivery of strategic business initiatives through innovative analytical solutions and a strong focus on measurable impact. | telah mengikuti kursus atau perkuliahan tentang tata kelola data dan kualitas data. have taken courses or lectures on data governance and data quality.",0.7473 | 0.7111 | 0.7032 | 0.6836 | 0.6739,111 | 111 | 111 | 111 | 112
Pengolahan Citra,Hard,Aligned,0.6272,0.7136,memahami fotografi & videografi dasar understand basic photography & videography,0.7136,5,"memahami fotografi & videografi dasar understand basic photography & videography | pemahaman dasar tentang pemetaan uv, tekstur, dan rendering basic understanding of uv mapping, texturing, and rendering | kelancaran dalam mengembangkan dan memahami diagram urutan, model kelas, dll. fluency in developing and understanding sequence diagrams, class models, etc. | memiliki kemampuan memahami gambar teknik. Have the ability to understand technical drawings. | pemahaman dasar konsep pemrograman (pelatihan diberikan) basic understanding of programming concepts (training provided)",0.7136 | 0.6133 | 0.612 | 0.6063 | 0.5909,92 | 97 | 58 | 106 | 106
Ethical Hacking,Hard,Not Aligned,0.5724,0.6326,peretasan etis. ethical hacking.,0.6326,5,"peretasan etis. ethical hacking. | mempelajari dan menganalisis cara kerja serangan siber dan cara mendeteksi atau mencegahnya. learn and analyze how cyberattacks work and how to detect or prevent them. | ketelitian & etika penelitian: menunjukkan keahlian dalam merancang dan mengelola proyek penelitian (studi kuantitatif, kualitatif, epidemiologi, atau klinis) dengan ketelitian metodologis dan kepatuhan etika penuh. research rigor & ethics: demonstrated expertise in designing and managing research projects (quantitative, qualitative, epidemiological, or clinical studies) with methodological rigor and full ethical compliance. | kursus pemrograman komputer computer programming courses | pengetahuan dasar tentang konsep keamanan siber, termasuk jaringan, 10 owasp teratas, dan alat seperti nmap dan burp suite. basic knowledge of cybersecurity concepts, including networking, the owasp top 10, and tools such as nmap and burp suite.",0.6326 | 0.6008 | 0.5532 | 0.5472 | 0.5283,122 | 125 | 54 | 106 | 188
Manajemen Jaringan,Hard,Not Aligned,0.5552,0.5662,"memahami client-server, konsep jaringan, pemecahan masalah komputer understand client-server, networking concept, computer troubleshooting",0.5662,5,"memahami client-server, konsep jaringan, pemecahan masalah komputer understand client-server, networking concept, computer troubleshooting | berkontribusi pada dokumentasi prosesnya, panduan pengguna, dan prosedur pemecahan masalah contribute to documentation of it processes, user guides, and troubleshooting procedures | menganalisis kinerja jaringan dan server, melakukan pemecahan masalah analyze network and server performance, perform troubleshooting | · berkontribusi pada dokumentasi prosesnya, panduan pengguna, dan prosedur pemecahan masalah · contribute to documentation of it processes, user guides, and troubleshooting procedures | melakukan pemecahan masalah jaringan dan fine-tuning. perform network troubleshooting and fine-tuning.",0.5662 | 0.5585 | 0.5564 | 0.5527 | 0.5422,188 | 127 | 188 | 188 | 191
IT Security,Hard,Aligned,0.6313,0.6488,"memahami konsep jaringan komputer, sistem operasi database, dan keamanan informasi understand the concepts of computer networks, database operating systems, and information security",0.6488,5,"memahami konsep jaringan komputer, sistem operasi database, dan keamanan informasi understand the concepts of computer networks, database operating systems, and information security | pengetahuan dasar tentang konsep keamanan siber, termasuk jaringan, 10 owasp teratas, dan alat seperti nmap dan burp suite. basic knowledge of cybersecurity concepts, including networking, the owasp top 10, and tools such as nmap and burp suite. | kursus pemrograman komputer computer programming courses | pemahaman tentang prinsip-prinsip dasar keamanannya understanding of basic it security principles | 4.memiliki pemahaman tentang teknologi perangkat keamanan have an understanding of security device technology",0.6488 | 0.6423 | 0.6357 | 0.6246 | 0.6051,188 | 188 | 106 | 126 | 126
Interaksi Manusia dan Komputer,Hard,Aligned,0.6314,0.6725,kursus pemrograman komputer computer programming courses,0.6725,5,"kursus pemrograman komputer computer programming courses | memberikan pelatihan dan panduan pengguna untuk aplikasi dan operasi sistem dasar. deliver user training and guidance for it applications and basic system operations. | pemahaman dasar konsep pemrograman (pelatihan diberikan) basic understanding of programming concepts (training provided) | berkontribusi pada dokumentasi prosesnya, panduan pengguna, dan prosedur pemecahan masalah contribute to documentation of it processes, user guides, and troubleshooting procedures | memberikan pelatihan pengetahuan it kepada user pengguna provide IT knowledge training to users",0.6725 | 0.6306 | 0.6297 | 0.6154 | 0.6087,106 | 106 | 106 | 127 | 176
Rekayasa Ilmu,Hard,Aligned,0.6321,0.6368,"akrab dengan ai, visi komputer, konsep pembelajaran mesin, dan pemecahan masalah dasar. familiar with ai, computer vision, machine learning concepts, and basic troubleshooting.",0.6368,5,"akrab dengan ai, visi komputer, konsep pembelajaran mesin, dan pemecahan masalah dasar. familiar with ai, computer vision, machine learning concepts, and basic troubleshooting. | memahami gambar teknik, memahami aturan klasifikasi, syahbandar dan imo, mampu mengoperasikan software 3d yang related dengan pekerjaan engineering, memahami piping system dan machinery yang ada dikapal understand technical drawings, understand classification rules, harbormaster and imo, able to operate 3D software related to engineering work, understand piping systems and machinery on board | berkontribusi pada pelatihan dan panduan pengguna mengenai alat TI dasar dan praktik terbaik seiring berkembangnya peran tersebut contribute to user training and guidance on basic it tools and best practices as the role evolves | mencari informasi untuk mempelajari tentang metodologi dan teknologi yang muncul seeking out information to learn about emerging methodologies and technologies | kursus pemrograman komputer computer programming courses",0.6368 | 0.6357 | 0.6307 | 0.6291 | 0.628,104 | 106 | 106 | 176 | 106
Mobil Computing,Hard,Not Aligned,0.5822,0.6168,kursus pemrograman komputer computer programming courses,0.6168,5,"kursus pemrograman komputer computer programming courses | membuat dan menyebarkan kursus online, termasuk pengunggahan konten, pembuatan modul kursus, dan penyediaan alat penilaian (kuis, ujian, tugas). create and deploy online courses, including content uploads, course module creation, and providing assessment tools (quizzes, exams, assignments). | mahasiswa akhir teknologi informasi, sistem informasi, ilmu komputer, atau bidang terkait final student information technology, information system, computer science, or related field | memahami proses manual testing pada aplikasi (mobile dan web) understand the manual testing process for applications (mobile and web) | melakukan proses penjadwalan yang efektif untuk kelas online, ujian mata kuliah dan ujian tesis pada tahun akademik terkait conduct effective scheduling process for online class, course examination and thesis defense in related academic year",0.6168 | 0.5912 | 0.5713 | 0.571 | 0.5605,106 | 106 | 106 | 151 | 106
Advanced Broadband Networking,Hard,Aligned,0.6298,0.6487,"pemahaman dasar tentang konsep jaringan (pengalamatan ip, dns, konektivitas). basic understanding of networking concepts (ip addressing, dns, connectivity).",0.6487,5,"pemahaman dasar tentang konsep jaringan (pengalamatan ip, dns, konektivitas). basic understanding of networking concepts (ip addressing, dns, connectivity). | memahami konsep jaringan komputer (tcp/ip, routing, switching, vlan, firewall). understand computer network concepts (tcp/ip, routing, switching, vlan, firewall). | pemahaman dasar konsep jaringan (dns, http/https, tcp/ip) basic understanding of networking concepts (dns, http/https, tcp/ip) | memahami teknik jaringan (tcp/ip, routing & switch, jaringan nirkabel, jaringan bridging, keamanan, f5, fortigate, aruba) understand network engineering (tcp/ip, routing & switch, wireless network, bridging network, security, f5, fortigate, aruba) | pemahaman dasar tentang konektivitas jaringan dan dukungannya (tingkat non-rekayasa). basic understanding of network connectivity and it support (non-engineering level).",0.6487 | 0.6346 | 0.6251 | 0.621 | 0.6195,102 | 14 | 102 | 191 | 191
Computer Vision,Hard,Aligned,0.6154,0.6429,program ini bertujuan untuk memberikan kesempatan kepada mahasiswa dalam This program aims to provide opportunities for students in,0.6429,5,"program ini bertujuan untuk memberikan kesempatan kepada mahasiswa dalam This program aims to provide opportunities for students in | pemahaman dasar konsep pemrograman (pelatihan diberikan) basic understanding of programming concepts (training provided) | pendidikan education | pemahaman tentang kebutuhan dan karakteristik akademik, sosial dan perilaku siswa tingkat tinggi. understanding of academic, social and behavioral needs and characteristics of high level student. | di dalamnya disiplin ilmu. in it disciplines.",0.6429 | 0.6242 | 0.6061 | 0.6042 | 0.5998,106 | 106 | 54 | 106 | 72
Bahasa Indonesia,Hard,Aligned,0.7035,0.72,mahir berbahasa Inggris dan Indonesia proficient in english and indonesian,0.72,5,"mahir berbahasa Inggris dan Indonesia proficient in english and indonesian | keterampilan komunikasi lisan dan tulisan yang baik dalam bahasa indonesia maupun bahasa inggris Good oral and written communication skills in Indonesian and English | kefasihan berbahasa indonesia dan kemahiran berbahasa inggris, baik lisan maupun tulisan. fluency in bahasa indonesia and proficiency in english, both verbal and written. | proficient in english and bahasa indonesia Proficient in English and Indonesian | keterampilan komunikasi verbal dan tertulis yang sangat baik dalam bahasa indonesia dan bahasa inggris. excellent verbal and written communication skills in both bahasa indonesia and english.",0.72 | 0.7105 | 0.7053 | 0.6952 | 0.6864,40 | 40 | 40 | 40 | 40
Agama,Hard,Not Aligned,0.4262,0.4513,sifat kepribadian personality trait,0.4513,5,sifat kepribadian personality trait | ciri-ciri kepribadian personality traits | menyelenggarakan kegiatan orientasi unggulan bagi mahasiswa baru pada tahun ajaran terkait conduct excellent orientation activities for new students in related academic year | seorang pemikir kreatif dengan kemampuan menerjemahkan ide kurikulum abstrak menjadi visual yang menarik. a creative thinker with the ability to translate abstract curriculum ideas into engaging visuals. | ciri-ciri pribadi personal traits,0.4513 | 0.4327 | 0.4252 | 0.4159 | 0.4058,1 | 1 | 72 | 106 | 88
English for Academic Purposes 1,Hard,Not Aligned,0.4001,0.4154,"melakukan troubleshooting terhadap masalah jaringan (server, router, switch, firewall, dll). troubleshooting network problems (servers, routers, switches, firewalls, etc.).",0.4154,5,"melakukan troubleshooting terhadap masalah jaringan (server, router, switch, firewall, dll). troubleshooting network problems (servers, routers, switches, firewalls, etc.). | bersama tim pemeliharaan melakukan troubleshoot terhadap kendala pada aplikasi, database dan server together with the maintenance team, troubleshoot problems with applications, databases and servers | memecahkan masalah platform dan masalah keamanan. troubleshoot platform and security issues. | troubleshooting dan analisis gangguan pada layanan broadband & dedicated. troubleshooting and analysis of disruptions to broadband & dedicated services. | mendiagnosis dan memecahkan masalah kesalahan jaringan diagnosing and troubleshooting network errors",0.4154 | 0.4052 | 0.396 | 0.3941 | 0.3897,15 | 188 | 188 | 15 | 15
Pendidikan Pancasila dan Kewarganegaraan,Hard,Aligned,0.6146,0.6338,biasanya pelajar Indonesia dari universitas terkemuka di negara ini dengan prestasi akademis yang luar biasa dan catatan kegiatan ekstrakurikuler yang kuat. typically indonesian students from the country’s leading universities with outstanding academic performance and a strong record of extracurricular activities.,0.6338,5,"biasanya pelajar Indonesia dari universitas terkemuka di negara ini dengan prestasi akademis yang luar biasa dan catatan kegiatan ekstrakurikuler yang kuat. typically indonesian students from the country’s leading universities with outstanding academic performance and a strong record of extracurricular activities. | kewarganegaraan indonesia indonesian nationality | mahir berbahasa Inggris dan Indonesia proficient in english and indonesian | menunjukkan antusiasme untuk belajar, berpikir kritis, dan selalu mengikuti perkembangan politik, ekonomi, dan sosial di Indonesia. demonstrates enthusiasm for learning, critical thinking, and staying updated on political, economic, and social developments in indonesia. | mampu berbahasa indonesia (aktif & pasif) dan bahasa inggris (pasif) Able to speak Indonesian (active & passive) and English (passive)",0.6338 | 0.6305 | 0.6177 | 0.6005 | 0.5904,106 | 40 | 40 | 40 | 40
English AP2,Hard,Aligned,0.6659,0.6821,Memiliki kemahiran berbahasa Inggris baik lisan maupun tulisan adalah suatu keharusan have proficiency in both verbal and writing in english is a must,0.6821,5,"Memiliki kemahiran berbahasa Inggris baik lisan maupun tulisan adalah suatu keharusan have proficiency in both verbal and writing in english is a must | memahami bahasa inggris baik lisan maupun tulisan understand english both oral and written | kemahiran yang kuat dalam bahasa Inggris, baik tertulis maupun lisan strong proficiency in english, both written and spoken | kemahiran yang sangat baik dalam bahasa Inggris tertulis dan lisan. excellent proficiency in both written and spoken english. | mahir berbahasa inggris baik lisan maupun tulisan proficient in english both oral and written",0.6821 | 0.6722 | 0.6649 | 0.6565 | 0.6538,72 | 40 | 40 | 40 | 73
